category,product_brand,product_name,product_link
스킨/토너,디오디너리,[각질쓱싹] 디오디너리 글리코릭 애시드 7% 엑스폴리에이팅 토너 240ml,https://www.oliveyoung.co.kr/store/goods/getGoodsDetail.do?goodsNo=A000000223625&dispCatNo=100000100010013&t_page=카테고리관&t_click=스킨/토너_전체__상품상세&t_number=1
스킨/토너,바이오더마,[6월 올영픽] 바이오더마 하이드라비오 토너 500ml  기획(+250ml 증정),https://www.oliveyoung.co.kr/store/goods/getGoodsDetail.do?goodsNo=A000000226081&dispCatNo=100000100010013&t_page=카테고리관&t_click=스킨/토너_전체__상품상세&t_number=2
스킨/토너,토리든,[NEW/6월올영픽] 토리든 다이브인 저분자 히알루론산 토너 500ml 기획 (+늘어나는 화장솜 60매),https://www.oliveyoung.co.kr/store/goods/getGoodsDetail.do?goodsNo=A000000256045&dispCatNo=100000100010013&t_page=카테고리관&t_click=스킨/토너_전체__상품상세&t_number=3
스킨/토너,아누아,[6월 올영픽/한정기획] 아누아 어성초 77 히알루론산 수분 진정 토너 350ml 더블기획 (+어성초 크림 20ml),https://www.oliveyoung.co.kr/store/goods/getGoodsDetail.do?goodsNo=A000000255328&dispCatNo=100000100010013&t_page=카테고리관&t_click=스킨/토너_전체__상품상세&t_number=4
스킨/토너,라운드랩,[6월올영픽/미스트형] 라운드랩 1025 독도 토너 300ml 1+1 기획 (+늘어나는 스킨패드 30매),https://www.oliveyoung.co.kr/store/goods/getGoodsDetail.do?goodsNo=A000000255246&dispCatNo=100000100010013&t_page=카테고리관&t_click=스킨/토너_전체__상품상세&t_number=5
스킨/토너,라로슈포제,라로슈포제 시카플라스트 로션 B5 판테놀 시카에센스 토너 200ml,https://www.oliveyoung.co.kr/store/goods/getGoodsDetail.do?goodsNo=A000000159921&dispCatNo=100000100010013&t_page=카테고리관&t_click=스킨/토너_전체__상품상세&t_number=6
스킨/토너,브링그린,[수부지토너]브링그린 티트리 시카 수딩 토너 (500ml/250ml),https://www.oliveyoung.co.kr/store/goods/getGoodsDetail.do?goodsNo=A000000189181&dispCatNo=100000100010013&t_page=카테고리관&t_click=스킨/토너_전체__상품상세&t_number=7
스킨/토너,아비브,[수분진정] 아비브 어성초 카밍 토너 스킨부스터 더블 기획 (200ml+200ml),https://www.oliveyoung.co.kr/store/goods/getGoodsDetail.do?goodsNo=A000000155253&dispCatNo=100000100010013&t_page=카테고리관&t_click=스킨/토너_전체__상품상세&t_number=8
스킨/토너,메디큐브,[흔적미백]메디큐브 PDRN 핑크 시카 수딩 토너 250ml,https://www.oliveyoung.co.kr/store/goods/getGoodsDetail.do?goodsNo=A000000213492&dispCatNo=100000100010013&t_page=카테고리관&t_click=스킨/토너_전체__상품상세&t_number=9
스킨/토너,에스트라,[NEW] 에스트라 아토베리어365 캡슐 토너 300ml,https://www.oliveyoung.co.kr/store/goods/getGoodsDetail.do?goodsNo=A000000254908&dispCatNo=100000100010013&t_page=카테고리관&t_click=스킨/토너_전체__상품상세&t_number=10
스킨/토너,폴라초이스,[화잘먹/단독기획] 폴라초이스 바하 리퀴드 엑스폴리언트 118ml 기획 (+바하 리퀴드 30ml),https://www.oliveyoung.co.kr/store/goods/getGoodsDetail.do?goodsNo=A000000245794&dispCatNo=100000100010013&t_page=카테고리관&t_click=스킨/토너_전체__상품상세&t_number=11
스킨/토너,에스네이처,[속촉촉 진정토너] 에스네이처 아쿠아 오아시스 토너 300ml 기획 (+젤크림 30ml),https://www.oliveyoung.co.kr/store/goods/getGoodsDetail.do?goodsNo=A000000213171&dispCatNo=100000100010013&t_page=카테고리관&t_click=스킨/토너_전체__상품상세&t_number=12
스킨/토너,넘버즈인,[쿨링진정]넘버즈인 1번 진정 맑게담은 청초토너 300ml 리필기획(+300ml 증정),https://www.oliveyoung.co.kr/store/goods/getGoodsDetail.do?goodsNo=A000000190395&dispCatNo=100000100010013&t_page=카테고리관&t_click=스킨/토너_전체__상품상세&t_number=13
스킨/토너,달바,[미백/잡티케어] 달바 비타 토닝 세럼 토너 180ml,https://www.oliveyoung.co.kr/store/goods/getGoodsDetail.do?goodsNo=A000000223425&dispCatNo=100000100010013&t_page=카테고리관&t_click=스킨/토너_전체__상품상세&t_number=14
스킨/토너,에스트라,에스트라 에이시카365 수분토너 pH4.5 200ml,https://www.oliveyoung.co.kr/store/goods/getGoodsDetail.do?goodsNo=A000000218549&dispCatNo=100000100010013&t_page=카테고리관&t_click=스킨/토너_전체__상품상세&t_number=15
스킨/토너,라운드랩,[1등토너] 라운드랩 1025 독도 토너 200ml 기획 (+50ml),https://www.oliveyoung.co.kr/store/goods/getGoodsDetail.do?goodsNo=A000000132162&dispCatNo=100000100010013&t_page=카테고리관&t_click=스킨/토너_전체__상품상세&t_number=16
스킨/토너,라운드랩,[수분생기] 라운드랩 자작나무 수분 토너 1+1 기획 (300ml+300ml),https://www.oliveyoung.co.kr/store/goods/getGoodsDetail.do?goodsNo=A000000157178&dispCatNo=100000100010013&t_page=카테고리관&t_click=스킨/토너_전체__상품상세&t_number=17
스킨/토너,코스알엑스,코스알엑스 풀핏 프로폴리스 시너지 토너 280ml,https://www.oliveyoung.co.kr/store/goods/getGoodsDetail.do?goodsNo=A000000129474&dispCatNo=100000100010013&t_page=카테고리관&t_click=스킨/토너_전체__상품상세&t_number=18
스킨/토너,더샘,[NEW/쿨링화잘먹/버블토너] 더샘 스킨 프렙 쿨링 무스 토너 70ml,https://www.oliveyoung.co.kr/store/goods/getGoodsDetail.do?goodsNo=A000000255384&dispCatNo=100000100010013&t_page=카테고리관&t_click=스킨/토너_전체__상품상세&t_number=19
스킨/토너,파티온,[속건조해결] 파티온 포도당 하이드로 에센스토너 300ml 더블 기획(2개입),https://www.oliveyoung.co.kr/store/goods/getGoodsDetail.do?goodsNo=A000000222849&dispCatNo=100000100010013&t_page=카테고리관&t_click=스킨/토너_전체__상품상세&t_number=20
스킨/토너,피지오겔,피지오겔 DMT 에센스 인 토너 200ml (+토너 50ml),https://www.oliveyoung.co.kr/store/goods/getGoodsDetail.do?goodsNo=A000000243679&dispCatNo=100000100010013&t_page=카테고리관&t_click=스킨/토너_전체__상품상세&t_number=21
스킨/토너,넘버즈인,[화잘먹] 넘버즈인 3번 보들보들 퍼스트 결부스팅 토너 200ml 기획 (+50ml),https://www.oliveyoung.co.kr/store/goods/getGoodsDetail.do?goodsNo=A000000250711&dispCatNo=100000100010013&t_page=카테고리관&t_click=스킨/토너_전체__상품상세&t_number=22
스킨/토너,라운드랩,[1등토너] 라운드랩 1025 독도 토너 500ml 기획 (+100ml),https://www.oliveyoung.co.kr/store/goods/getGoodsDetail.do?goodsNo=A000000137180&dispCatNo=100000100010013&t_page=카테고리관&t_click=스킨/토너_전체__상품상세&t_number=23
스킨/토너,빌리프,"[6월올영픽/쿨링결광토너] 빌리프 아쿠아 밤 프로즌 토너 300ml 기획 (+토너 50ml, 크림 9ml 증정)",https://www.oliveyoung.co.kr/store/goods/getGoodsDetail.do?goodsNo=A000000224583&dispCatNo=100000100010013&t_page=카테고리관&t_click=스킨/토너_전체__상품상세&t_number=24
스킨/토너,바이오더마,바이오더마 하이드라비오 토너 500ml 기획 (+거품 용기),https://www.oliveyoung.co.kr/store/goods/getGoodsDetail.do?goodsNo=A000000245459&dispCatNo=100000100010013&t_page=카테고리관&t_click=스킨/토너_전체__상품상세&t_number=25
스킨/토너,라로슈포제,[대용량] 라로슈포제 똘러리앙 울트라 로션 400ML,https://www.oliveyoung.co.kr/store/goods/getGoodsDetail.do?goodsNo=A000000139348&dispCatNo=100000100010013&t_page=카테고리관&t_click=스킨/토너_전체__상품상세&t_number=26
스킨/토너,웰라쥬,[첫수분토너/대용량] 웰라쥬 리얼 히알루로닉 100 토너 300ml 기획 (+화장솜 60매),https://www.oliveyoung.co.kr/store/goods/getGoodsDetail.do?goodsNo=A000000188874&dispCatNo=100000100010013&t_page=카테고리관&t_click=스킨/토너_전체__상품상세&t_number=27
스킨/토너,라로슈포제,라로슈포제 에빠끌라 K(+) 토너 200ml 기획(+에빠끌라 폼 50ml),https://www.oliveyoung.co.kr/store/goods/getGoodsDetail.do?goodsNo=A000000250143&dispCatNo=100000100010013&t_page=카테고리관&t_click=스킨/토너_전체__상품상세&t_number=28
스킨/토너,라네즈,[1등 속보습] 라네즈 크림스킨 170ml 단품기획 (+50ml),https://www.oliveyoung.co.kr/store/goods/getGoodsDetail.do?goodsNo=A000000211003&dispCatNo=100000100010013&t_page=카테고리관&t_click=스킨/토너_전체__상품상세&t_number=29
스킨/토너,토리든,토리든 다이브인 저분자 히알루론산 스킨 부스터 200ml,https://www.oliveyoung.co.kr/store/goods/getGoodsDetail.do?goodsNo=A000000228350&dispCatNo=100000100010013&t_page=카테고리관&t_click=스킨/토너_전체__상품상세&t_number=30
스킨/토너,더랩바이블랑두,[속보습루틴] 더랩바이블랑두 저분자 히알루론산 딥 토너 200ml + 50ml 기획,https://www.oliveyoung.co.kr/store/goods/getGoodsDetail.do?goodsNo=A000000189488&dispCatNo=100000100010013&t_page=카테고리관&t_click=스킨/토너_전체__상품상세&t_number=31
스킨/토너,인터미션,[단독기획]인터미션 레스트업 세럼스킨 290ml,https://www.oliveyoung.co.kr/store/goods/getGoodsDetail.do?goodsNo=A000000210924&dispCatNo=100000100010013&t_page=카테고리관&t_click=스킨/토너_전체__상품상세&t_number=32
스킨/토너,키엘,"키엘 칼렌듈라 꽃잎 토너 125ml, 250ml(단품/기획)",https://www.oliveyoung.co.kr/store/goods/getGoodsDetail.do?goodsNo=A000000225063&dispCatNo=100000100010013&t_page=카테고리관&t_click=스킨/토너_전체__상품상세&t_number=33
스킨/토너,바이오힐보,[탄력토너] 바이오힐 보 프로바이오덤 3D 리프팅 에센셜 토너 150ml,https://www.oliveyoung.co.kr/store/goods/getGoodsDetail.do?goodsNo=A000000203207&dispCatNo=100000100010013&t_page=카테고리관&t_click=스킨/토너_전체__상품상세&t_number=34
스킨/토너,라로슈포제,라로슈포제 똘러리앙 울트라 로션 200ML,https://www.oliveyoung.co.kr/store/goods/getGoodsDetail.do?goodsNo=A000000139347&dispCatNo=100000100010013&t_page=카테고리관&t_click=스킨/토너_전체__상품상세&t_number=35
스킨/토너,성분에디터,[수분진정/모공케어] 성분에디터 그린토마토 NMN 포어 하이드로 수딩 토너 350g 기획(+120g),https://www.oliveyoung.co.kr/store/goods/getGoodsDetail.do?goodsNo=A000000235207&dispCatNo=100000100010013&t_page=카테고리관&t_click=스킨/토너_전체__상품상세&t_number=36
스킨/토너,마녀공장,[대용량/총500ml] 마녀공장 비피다 바이옴 앰플 토너 400ml+100ml 기획,https://www.oliveyoung.co.kr/store/goods/getGoodsDetail.do?goodsNo=A000000148285&dispCatNo=100000100010013&t_page=카테고리관&t_click=스킨/토너_전체__상품상세&t_number=37
스킨/토너,닥터지,[NEW/미니어처증정] 닥터지 레드 블레미쉬 10-시카 캡슐 수딩 토너 300ml 기획 (+100ml),https://www.oliveyoung.co.kr/store/goods/getGoodsDetail.do?goodsNo=A000000252322&dispCatNo=100000100010013&t_page=카테고리관&t_click=스킨/토너_전체__상품상세&t_number=38
스킨/토너,제로이드,[6월 올영픽][저자극 각질 케어] 제로이드 핌프로브 토너 200ml,https://www.oliveyoung.co.kr/store/goods/getGoodsDetail.do?goodsNo=A000000249581&dispCatNo=100000100010013&t_page=카테고리관&t_click=스킨/토너_전체__상품상세&t_number=39
스킨/토너,비욘드,[NEW] 비욘드 엔젤 아쿠아 이온 히알루 10% 수분 진정 토너 350ml,https://www.oliveyoung.co.kr/store/goods/getGoodsDetail.do?goodsNo=A000000257195&dispCatNo=100000100010013&t_page=카테고리관&t_click=스킨/토너_전체__상품상세&t_number=40
스킨/토너,리얼베리어,[조슈아PICK]리얼베리어 익스트림 에센스 토너 300ml 기획 (+익스트림 크림 25ml),https://www.oliveyoung.co.kr/store/goods/getGoodsDetail.do?goodsNo=A000000213413&dispCatNo=100000100010013&t_page=카테고리관&t_click=스킨/토너_전체__상품상세&t_number=41
스킨/토너,넘버즈인,[흔적미백] 넘버즈인 5번 글루타치온씨 비타수액 에센셜 토너 200ml 리필 기획(+200ml 리필),https://www.oliveyoung.co.kr/store/goods/getGoodsDetail.do?goodsNo=A000000211164&dispCatNo=100000100010013&t_page=카테고리관&t_click=스킨/토너_전체__상품상세&t_number=42
스킨/토너,아누아,[NEW/리뉴얼] 아누아 어성초 77 히알루론산 수분 진정 토너 350ml,https://www.oliveyoung.co.kr/store/goods/getGoodsDetail.do?goodsNo=A000000252696&dispCatNo=100000100010013&t_page=카테고리관&t_click=스킨/토너_전체__상품상세&t_number=43
스킨/토너,비오템,비오템 비오수르스 중복합성 토너 400ml,https://www.oliveyoung.co.kr/store/goods/getGoodsDetail.do?goodsNo=A000000170418&dispCatNo=100000100010013&t_page=카테고리관&t_click=스킨/토너_전체__상품상세&t_number=44
스킨/토너,헤이네이처,[올리브영 단독기획] 헤이네이처 어성초 스킨 모이스처라이저 토너 200ml 기획 (+어성초 마스크 2매),https://www.oliveyoung.co.kr/store/goods/getGoodsDetail.do?goodsNo=A000000228907&dispCatNo=100000100010013&t_page=카테고리관&t_click=스킨/토너_전체__상품상세&t_number=45
스킨/토너,메이크프렘,메이크프렘 인테카 진정 토너 200ml 기획(+리필 100ml+크림 31ml),https://www.oliveyoung.co.kr/store/goods/getGoodsDetail.do?goodsNo=A000000181475&dispCatNo=100000100010013&t_page=카테고리관&t_click=스킨/토너_전체__상품상세&t_number=46
스킨/토너,설화수,설화수 자음수EX 150ml,https://www.oliveyoung.co.kr/store/goods/getGoodsDetail.do?goodsNo=A000000204623&dispCatNo=100000100010013&t_page=카테고리관&t_click=스킨/토너_전체__상품상세&t_number=47
스킨/토너,닥터지,[속보습] 닥터지 더모이스처 배리어 D 리퀴드 토너 200ml 기획 (+100ml),https://www.oliveyoung.co.kr/store/goods/getGoodsDetail.do?goodsNo=A000000198874&dispCatNo=100000100010013&t_page=카테고리관&t_click=스킨/토너_전체__상품상세&t_number=48
에센스/세럼/앰플,아누아,[6월 올영픽/한정기획] 아누아 피디알엔 히알루론산 캡슐 100 세럼 30ml 더블기획 (+피디알엔 마스크 1매),https://www.oliveyoung.co.kr/store/goods/getGoodsDetail.do?goodsNo=A000000255324&dispCatNo=100000100010014&t_page=카테고리관&t_click=에센스/세럼/앰플_전체__상품상세&t_number=1
에센스/세럼/앰플,아누아,[단독기획] 아누아 TXA 나이아신 흔적 세럼 30ml 2입,https://www.oliveyoung.co.kr/store/goods/getGoodsDetail.do?goodsNo=A000000226201&dispCatNo=100000100010014&t_page=카테고리관&t_click=에센스/세럼/앰플_전체__상품상세&t_number=2
에센스/세럼/앰플,토리든,[NEW/6월올영픽]토리든 다이브인 저분자 히알루론산 세럼 50ml 더블 기획 (밸풀 세럼 20ml+선크림 20ml),https://www.oliveyoung.co.kr/store/goods/getGoodsDetail.do?goodsNo=A000000256047&dispCatNo=100000100010014&t_page=카테고리관&t_click=에센스/세럼/앰플_전체__상품상세&t_number=3
에센스/세럼/앰플,메디큐브,[6월올영픽/1등미백앰플]메디큐브 PDRN 핑크 펩타이드 앰플 30ml 리필기획(+리필팩50ml+거울 키링),https://www.oliveyoung.co.kr/store/goods/getGoodsDetail.do?goodsNo=A000000255620&dispCatNo=100000100010014&t_page=카테고리관&t_click=에센스/세럼/앰플_전체__상품상세&t_number=4
에센스/세럼/앰플,셀라딕스,[6월올영픽/한정수량] 셀라딕스 트러블 세범 리밸런싱 131 앰플 30ml 기획 (+리필 10ml),https://www.oliveyoung.co.kr/store/goods/getGoodsDetail.do?goodsNo=A000000255068&dispCatNo=100000100010014&t_page=카테고리관&t_click=에센스/세럼/앰플_전체__상품상세&t_number=5
에센스/세럼/앰플,웰라쥬,[속건조필수템] 웰라쥬 리얼 히알루로닉 블루 100 앰플 75ml 2입 기획,https://www.oliveyoung.co.kr/store/goods/getGoodsDetail.do?goodsNo=A000000231885&dispCatNo=100000100010014&t_page=카테고리관&t_click=에센스/세럼/앰플_전체__상품상세&t_number=6
에센스/세럼/앰플,디오디너리,[트러블모공] 디오디너리 나이아신아마이드 10% + 징크 1% 60ml,https://www.oliveyoung.co.kr/store/goods/getGoodsDetail.do?goodsNo=A000000158615&dispCatNo=100000100010014&t_page=카테고리관&t_click=에센스/세럼/앰플_전체__상품상세&t_number=7
에센스/세럼/앰플,메디힐,[6월 올영픽/한정기획] 메디힐 마데카소사이드 흔적 리페어 세럼 40+40mL (+랩핑 세럼 마스크 2매),https://www.oliveyoung.co.kr/store/goods/getGoodsDetail.do?goodsNo=A000000255390&dispCatNo=100000100010014&t_page=카테고리관&t_click=에센스/세럼/앰플_전체__상품상세&t_number=8
에센스/세럼/앰플,넘버즈인,[흔적미백] 넘버즈인 5번 글루타치온C 흔적 앰플 30ml+30ml 듀오기획,https://www.oliveyoung.co.kr/store/goods/getGoodsDetail.do?goodsNo=A000000189837&dispCatNo=100000100010014&t_page=카테고리관&t_click=에센스/세럼/앰플_전체__상품상세&t_number=9
에센스/세럼/앰플,파티온,[6월 올영픽/대용량] 파티온 노스카나인 트러블 세럼 50ml 리필 기획(+리필40ml+크림10ml),https://www.oliveyoung.co.kr/store/goods/getGoodsDetail.do?goodsNo=A000000219609&dispCatNo=100000100010014&t_page=카테고리관&t_click=에센스/세럼/앰플_전체__상품상세&t_number=10
에센스/세럼/앰플,더마팩토리,더마팩토리 나이아신아마이드 20% 세럼 30ml,https://www.oliveyoung.co.kr/store/goods/getGoodsDetail.do?goodsNo=A000000225217&dispCatNo=100000100010014&t_page=카테고리관&t_click=에센스/세럼/앰플_전체__상품상세&t_number=11
에센스/세럼/앰플,브링그린,[3일진정세럼]브링그린 징크테카 트러블 세럼 (대용량/기획),https://www.oliveyoung.co.kr/store/goods/getGoodsDetail.do?goodsNo=A000000200646&dispCatNo=100000100010014&t_page=카테고리관&t_click=에센스/세럼/앰플_전체__상품상세&t_number=12
에센스/세럼/앰플,바이오더마,[6월 올영픽] 바이오더마 하이드라비오 에센스로션 200ml 2입 기획 (+미스트펌프 증정),https://www.oliveyoung.co.kr/store/goods/getGoodsDetail.do?goodsNo=A000000255227&dispCatNo=100000100010014&t_page=카테고리관&t_click=에센스/세럼/앰플_전체__상품상세&t_number=13
에센스/세럼/앰플,이니스프리,[1+1/깐달걀피부결] 이니스프리 레티놀 시카 흔적 앰플 30ml 더블 기획,https://www.oliveyoung.co.kr/store/goods/getGoodsDetail.do?goodsNo=A000000230208&dispCatNo=100000100010014&t_page=카테고리관&t_click=에센스/세럼/앰플_전체__상품상세&t_number=14
에센스/세럼/앰플,프리메라,[6월올영픽/탄력광채] 프리메라 비타티놀 바운시 리프트 세럼 30g 기획/단품,https://www.oliveyoung.co.kr/store/goods/getGoodsDetail.do?goodsNo=A000000231293&dispCatNo=100000100010014&t_page=카테고리관&t_click=에센스/세럼/앰플_전체__상품상세&t_number=15
에센스/세럼/앰플,피지오겔,[재구매율1위/비타민앰플] 피지오겔 사이언수티컬즈 데일리뮨 앰플 20ml+20ml 더블기획,https://www.oliveyoung.co.kr/store/goods/getGoodsDetail.do?goodsNo=A000000243677&dispCatNo=100000100010014&t_page=카테고리관&t_click=에센스/세럼/앰플_전체__상품상세&t_number=16
에센스/세럼/앰플,넘버즈인,[화잘먹] 넘버즈인 3번 보들보들 모공결 세럼 30ml 더블 기획,https://www.oliveyoung.co.kr/store/goods/getGoodsDetail.do?goodsNo=A000000250773&dispCatNo=100000100010014&t_page=카테고리관&t_click=에센스/세럼/앰플_전체__상품상세&t_number=17
에센스/세럼/앰플,아렌시아,[30ml+30ml / 강력토닝케어] 아렌시아 비타민 C 부스터 샷 30ml 더블기획,https://www.oliveyoung.co.kr/store/goods/getGoodsDetail.do?goodsNo=A000000254661&dispCatNo=100000100010014&t_page=카테고리관&t_click=에센스/세럼/앰플_전체__상품상세&t_number=18
에센스/세럼/앰플,아누아,[단독기획] 아누아 복숭아 70 나이아신아마이드 세럼 30ml 2입,https://www.oliveyoung.co.kr/store/goods/getGoodsDetail.do?goodsNo=A000000211052&dispCatNo=100000100010014&t_page=카테고리관&t_click=에센스/세럼/앰플_전체__상품상세&t_number=19
에센스/세럼/앰플,아누아,[6월 올영픽/한정기획] 아누아 어성초 77 B3징크 트러블 세럼 30ml 더블기획 (+어성초 수딩 크림 20ml),https://www.oliveyoung.co.kr/store/goods/getGoodsDetail.do?goodsNo=A000000255330&dispCatNo=100000100010014&t_page=카테고리관&t_click=에센스/세럼/앰플_전체__상품상세&t_number=20
에센스/세럼/앰플,에스트라,에스트라 아토베리어365 하이드로에센스 200ml (+크림 10ml+앰플 10ml),https://www.oliveyoung.co.kr/store/goods/getGoodsDetail.do?goodsNo=A000000222837&dispCatNo=100000100010014&t_page=카테고리관&t_click=에센스/세럼/앰플_전체__상품상세&t_number=21
에센스/세럼/앰플,성분에디터,[산리오 콜라보/1등모공앰플] 성분에디터 그린토마토 NMN 포어 리프팅 앰플 40ml 더블 기획 (+산리오 빗거울),https://www.oliveyoung.co.kr/store/goods/getGoodsDetail.do?goodsNo=A000000242565&dispCatNo=100000100010014&t_page=카테고리관&t_click=에센스/세럼/앰플_전체__상품상세&t_number=22
에센스/세럼/앰플,아비브,아비브 어성초 테카 캡슐 세럼 카밍 드롭 50ml 더블 기획,https://www.oliveyoung.co.kr/store/goods/getGoodsDetail.do?goodsNo=A000000232436&dispCatNo=100000100010014&t_page=카테고리관&t_click=에센스/세럼/앰플_전체__상품상세&t_number=23
에센스/세럼/앰플,라운드랩,[6월올영픽/최초트리플] 라운드랩 소나무 진정 시카 앰플 30ml 트리플 기획,https://www.oliveyoung.co.kr/store/goods/getGoodsDetail.do?goodsNo=A000000255242&dispCatNo=100000100010014&t_page=카테고리관&t_click=에센스/세럼/앰플_전체__상품상세&t_number=24
에센스/세럼/앰플,넘버즈인,[수분진정] 넘버즈인 1번 판토텐산 액티브업 수딩세럼 50ml 리필기획 (50ml+50ml),https://www.oliveyoung.co.kr/store/goods/getGoodsDetail.do?goodsNo=A000000207225&dispCatNo=100000100010014&t_page=카테고리관&t_click=에센스/세럼/앰플_전체__상품상세&t_number=25
에센스/세럼/앰플,메디큐브,[6월올영픽/모공탄력]메디큐브 제로 모공 원데이 펩타이드 세럼 한교동 리필기획 (본품+리필팩50ml+한교동 거울키링),https://www.oliveyoung.co.kr/store/goods/getGoodsDetail.do?goodsNo=A000000255684&dispCatNo=100000100010014&t_page=카테고리관&t_click=에센스/세럼/앰플_전체__상품상세&t_number=26
에센스/세럼/앰플,아누아,[수지세럼] 아누아 피디알엔 히알루론산 캡슐 100 세럼 30mL 기획 (+30mL 리필팩),https://www.oliveyoung.co.kr/store/goods/getGoodsDetail.do?goodsNo=A000000222698&dispCatNo=100000100010014&t_page=카테고리관&t_click=에센스/세럼/앰플_전체__상품상세&t_number=27
에센스/세럼/앰플,셀퓨전씨,셀퓨전씨 포스트 알파 쿨링 펩타이드 앰플 30ml 기획 (+앰플 10ml),https://www.oliveyoung.co.kr/store/goods/getGoodsDetail.do?goodsNo=A000000250593&dispCatNo=100000100010014&t_page=카테고리관&t_click=에센스/세럼/앰플_전체__상품상세&t_number=28
에센스/세럼/앰플,이니스프리,[1+1/파우치증정] 이니스프리 비타민C 그린티 엔자임 세럼 30ml 리필 기획 토이 스토리 5 에디션,https://www.oliveyoung.co.kr/store/goods/getGoodsDetail.do?goodsNo=A000000254111&dispCatNo=100000100010014&t_page=카테고리관&t_click=에센스/세럼/앰플_전체__상품상세&t_number=29
에센스/세럼/앰플,에스네이처,[1등 화잘먹 물먹세럼] 에스네이처 아쿠아 스쿠알란 세럼 50ml 기획 (+50ml 리필 +수분크림 10ml),https://www.oliveyoung.co.kr/store/goods/getGoodsDetail.do?goodsNo=A000000188004&dispCatNo=100000100010014&t_page=카테고리관&t_click=에센스/세럼/앰플_전체__상품상세&t_number=30
에센스/세럼/앰플,성분에디터,[산리오 콜라보/물광리프팅]성분에디터 실크펩타이드 EGF 하트핏 볼륨 리프팅 앰플 40ml 더블기획 (+산리오 파우치),https://www.oliveyoung.co.kr/store/goods/getGoodsDetail.do?goodsNo=A000000242563&dispCatNo=100000100010014&t_page=카테고리관&t_click=에센스/세럼/앰플_전체__상품상세&t_number=31
에센스/세럼/앰플,리쥬란,리쥬란 힐러 턴오버 앰플 듀얼 이펙트 10ml 더블 한정기획 (+8ml),https://www.oliveyoung.co.kr/store/goods/getGoodsDetail.do?goodsNo=A000000216520&dispCatNo=100000100010014&t_page=카테고리관&t_click=에센스/세럼/앰플_전체__상품상세&t_number=32
에센스/세럼/앰플,토리든,[NEW/1등수분세럼] 토리든 다이브인 저분자 히알루론산 세럼 50ml 리필 기획(+리필 50ml),https://www.oliveyoung.co.kr/store/goods/getGoodsDetail.do?goodsNo=A000000258291&dispCatNo=100000100010014&t_page=카테고리관&t_click=에센스/세럼/앰플_전체__상품상세&t_number=33
에센스/세럼/앰플,VT,[이나연pick] VT 피디알엔 에센스 100 30ml 더블 기획 (+리들샷 100 10ml),https://www.oliveyoung.co.kr/store/goods/getGoodsDetail.do?goodsNo=A000000232213&dispCatNo=100000100010014&t_page=카테고리관&t_click=에센스/세럼/앰플_전체__상품상세&t_number=34
에센스/세럼/앰플,메디큐브,[6월올영픽/청담샵화잘먹] 메디큐브 PDRN 핑크 콜라겐 버블 세럼 95ml 기획(+젤리브러쉬),https://www.oliveyoung.co.kr/store/goods/getGoodsDetail.do?goodsNo=A000000255686&dispCatNo=100000100010014&t_page=카테고리관&t_click=에센스/세럼/앰플_전체__상품상세&t_number=35
에센스/세럼/앰플,에스트라,에스트라 에이시카365 흔적진정세럼 pH4.5 40ml 기획 (+세럼 20ml+크림 1ml),https://www.oliveyoung.co.kr/store/goods/getGoodsDetail.do?goodsNo=A000000222839&dispCatNo=100000100010014&t_page=카테고리관&t_click=에센스/세럼/앰플_전체__상품상세&t_number=36
에센스/세럼/앰플,구달,[잡티미백] 구달 청귤 비타C 잡티케어 세럼 알파 30ml 기획 (+20ml),https://www.oliveyoung.co.kr/store/goods/getGoodsDetail.do?goodsNo=A000000229789&dispCatNo=100000100010014&t_page=카테고리관&t_click=에센스/세럼/앰플_전체__상품상세&t_number=37
에센스/세럼/앰플,아이오페,아이오페 레티놀 레티젝션 세럼 30ml 기획 (+15ml),https://www.oliveyoung.co.kr/store/goods/getGoodsDetail.do?goodsNo=A000000254723&dispCatNo=100000100010014&t_page=카테고리관&t_click=에센스/세럼/앰플_전체__상품상세&t_number=38
에센스/세럼/앰플,리쥬란,[한정수량/오리지널 c-PDRN] 리쥬란 힐러 턴오버 앰플 듀얼 이펙트 30ml 기획(+7ml),https://www.oliveyoung.co.kr/store/goods/getGoodsDetail.do?goodsNo=A000000183707&dispCatNo=100000100010014&t_page=카테고리관&t_click=에센스/세럼/앰플_전체__상품상세&t_number=39
에센스/세럼/앰플,톤28,[화잘먹] 톤28 해남404 글로우 크림앤세럼 50ml,https://www.oliveyoung.co.kr/store/goods/getGoodsDetail.do?goodsNo=A000000248589&dispCatNo=100000100010014&t_page=카테고리관&t_click=에센스/세럼/앰플_전체__상품상세&t_number=40
에센스/세럼/앰플,차앤박,[보습광채/화잘먹앰플] 차앤박 프로폴리스 에너지 액티브 앰플 30ml 2입 기획 (+15ml),https://www.oliveyoung.co.kr/store/goods/getGoodsDetail.do?goodsNo=A000000242720&dispCatNo=100000100010014&t_page=카테고리관&t_click=에센스/세럼/앰플_전체__상품상세&t_number=41
에센스/세럼/앰플,코스알엑스,[리뉴얼] 코스알엑스 어드밴스드 더 비타민C 23 세럼 20g 2입,https://www.oliveyoung.co.kr/store/goods/getGoodsDetail.do?goodsNo=A000000235050&dispCatNo=100000100010014&t_page=카테고리관&t_click=에센스/세럼/앰플_전체__상품상세&t_number=42
에센스/세럼/앰플,일소,[아랑공동개발] 일소 펩타이드 3엑스 모공톡스 탄력 앰플 30ml 기획 (+피지클리너 2매),https://www.oliveyoung.co.kr/store/goods/getGoodsDetail.do?goodsNo=A000000254646&dispCatNo=100000100010014&t_page=카테고리관&t_click=에센스/세럼/앰플_전체__상품상세&t_number=43
에센스/세럼/앰플,VT,[모공에센스] VT 리들샷 100 에센스 50ml 기획 (+리들샷300 1ml*3개+PDRN에센스 1.5ml*3ea),https://www.oliveyoung.co.kr/store/goods/getGoodsDetail.do?goodsNo=A000000229480&dispCatNo=100000100010014&t_page=카테고리관&t_click=에센스/세럼/앰플_전체__상품상세&t_number=44
에센스/세럼/앰플,코스알엑스,[보습광채] 코스알엑스 어드벤스드 스네일 96 뮤신 파워 에센스 100ml,https://www.oliveyoung.co.kr/store/goods/getGoodsDetail.do?goodsNo=A000000103391&dispCatNo=100000100010014&t_page=카테고리관&t_click=에센스/세럼/앰플_전체__상품상세&t_number=45
에센스/세럼/앰플,토리든,[6월올영픽/코르티스PICK] 토리든 밸런스풀 시카 컨트롤 세럼 50ml 더블기획 (+20ml),https://www.oliveyoung.co.kr/store/goods/getGoodsDetail.do?goodsNo=A000000256049&dispCatNo=100000100010014&t_page=카테고리관&t_click=에센스/세럼/앰플_전체__상품상세&t_number=46
에센스/세럼/앰플,레이어랩,[1+1/급속진정 장벽개선] 레이어랩 니오좀 판테놀 5% 세럼 30ml+30ml 더블 기획,https://www.oliveyoung.co.kr/store/goods/getGoodsDetail.do?goodsNo=A000000255852&dispCatNo=100000100010014&t_page=카테고리관&t_click=에센스/세럼/앰플_전체__상품상세&t_number=47
에센스/세럼/앰플,코스알엑스,[속보습]코스알엑스 더 6 펩타이드 스킨 부스터 세럼 더블기획,https://www.oliveyoung.co.kr/store/goods/getGoodsDetail.do?goodsNo=A000000211372&dispCatNo=100000100010014&t_page=카테고리관&t_click=에센스/세럼/앰플_전체__상품상세&t_number=48
크림,아누아,[6월 올영픽/한정기획] 아누아 피디알엔 히알루론산 100 수분 크림 60ml 2입 기획 (+피디알엔 토너 40ml),https://www.oliveyoung.co.kr/store/goods/getGoodsDetail.do?goodsNo=A000000255326&dispCatNo=100000100010015&t_page=카테고리관&t_click=크림_전체__상품상세&t_number=1
크림,라로슈포제,라로슈포제 시카플라스트 밤 B5+ 100ml 기획 (+3ml 추가증정),https://www.oliveyoung.co.kr/store/goods/getGoodsDetail.do?goodsNo=A000000206904&dispCatNo=100000100010015&t_page=카테고리관&t_click=크림_전체__상품상세&t_number=2
크림,라로슈포제,라로슈포제 시카플라스트 멀티 리페어 크림 100ml 기획 (+멜라B3 세럼 3ml 증정),https://www.oliveyoung.co.kr/store/goods/getGoodsDetail.do?goodsNo=A000000224292&dispCatNo=100000100010015&t_page=카테고리관&t_click=크림_전체__상품상세&t_number=3
크림,에스트라,[2025어워즈1위] 에스트라 아토베리어365 크림 80ml 기획 (+하이드로 에센스25ml+앰플7ml),https://www.oliveyoung.co.kr/store/goods/getGoodsDetail.do?goodsNo=A000000222833&dispCatNo=100000100010015&t_page=카테고리관&t_click=크림_전체__상품상세&t_number=4
크림,바이오더마,바이오더마 시카비오 포마드 100ml(리페어 리치 밤),https://www.oliveyoung.co.kr/store/goods/getGoodsDetail.do?goodsNo=A000000134691&dispCatNo=100000100010015&t_page=카테고리관&t_click=크림_전체__상품상세&t_number=5
크림,토리든,[NEW/6월올영픽] 토리든 다이브인 저분자 히알루론산 수딩 크림 100ml 더블 기획 (크림 20ml+세럼 20ml),https://www.oliveyoung.co.kr/store/goods/getGoodsDetail.do?goodsNo=A000000256048&dispCatNo=100000100010015&t_page=카테고리관&t_click=크림_전체__상품상세&t_number=6
크림,에스트라,[업그레이드/단독] 에스트라 아토베리어365 하이드로 수딩크림 80ml 기획(토너25ml+클렌징폼30g),https://www.oliveyoung.co.kr/store/goods/getGoodsDetail.do?goodsNo=A000000254747&dispCatNo=100000100010015&t_page=카테고리관&t_click=크림_전체__상품상세&t_number=7
크림,헤브블루,[NEW단독기획] 헤브블루 살몬 케어링 센텔라 크림 100ml 기획 (+버블 클렌저 30ml),https://www.oliveyoung.co.kr/store/goods/getGoodsDetail.do?goodsNo=A000000255949&dispCatNo=100000100010015&t_page=카테고리관&t_click=크림_전체__상품상세&t_number=8
크림,에스네이처,[1+1/1등 모공 수분천재크림] 에스네이처 아쿠아 스쿠알란 수분크림 60ml 더블기획,https://www.oliveyoung.co.kr/store/goods/getGoodsDetail.do?goodsNo=A000000192782&dispCatNo=100000100010015&t_page=카테고리관&t_click=크림_전체__상품상세&t_number=9
크림,도미나스,[태극제약]도미나스 크림 Rx 30ml 기획 (+7ml),https://www.oliveyoung.co.kr/store/goods/getGoodsDetail.do?goodsNo=A000000251494&dispCatNo=100000100010015&t_page=카테고리관&t_click=크림_전체__상품상세&t_number=10
크림,센텔리안24,[1등 장벽PDRN/푸린백팩] 센텔리안24 마데카 크림 액티브 리뉴 PDRN 50ml 기획 (+15ml 포켓몬 에디션),https://www.oliveyoung.co.kr/store/goods/getGoodsDetail.do?goodsNo=A000000253621&dispCatNo=100000100010015&t_page=카테고리관&t_click=크림_전체__상품상세&t_number=11
크림,빌리프,[6월올영픽/쿨링진정크림] 빌리프 아쿠아밤 프로즌 크림 50ml 1+1 기획 (+손거울 증정),https://www.oliveyoung.co.kr/store/goods/getGoodsDetail.do?goodsNo=A000000224581&dispCatNo=100000100010015&t_page=카테고리관&t_click=크림_전체__상품상세&t_number=12
크림,에스네이처,[역대급용량/1등 모공 수분천재크림] 에스네이처 아쿠아 스쿠알란 수분크림 60ml 더블기획 (+수분크림 10ml),https://www.oliveyoung.co.kr/store/goods/getGoodsDetail.do?goodsNo=A000000255989&dispCatNo=100000100010015&t_page=카테고리관&t_click=크림_전체__상품상세&t_number=13
크림,동국제약,[기미톤업/색소침착] 동국제약 멜라-셋 기미 토닝 크림 35g 더블 기획(+기미 와이드 4패치),https://www.oliveyoung.co.kr/store/goods/getGoodsDetail.do?goodsNo=A000000255827&dispCatNo=100000100010015&t_page=카테고리관&t_click=크림_전체__상품상세&t_number=14
크림,라운드랩,[6월올영픽/총200ml] 라운드랩 자작나무 수분 크림 80ml+80ml 더블 기획 (+40ml),https://www.oliveyoung.co.kr/store/goods/getGoodsDetail.do?goodsNo=A000000255244&dispCatNo=100000100010015&t_page=카테고리관&t_click=크림_전체__상품상세&t_number=15
크림,제로이드,[대용량] 제로이드 수딩 크림 80ml 기획 (+50ml),https://www.oliveyoung.co.kr/store/goods/getGoodsDetail.do?goodsNo=A000000231589&dispCatNo=100000100010015&t_page=카테고리관&t_click=크림_전체__상품상세&t_number=16
크림,메디큐브,[여배우광채크림] 메디큐브 PDRN 핑크 콜라겐 캡슐크림 55g 기획 (+4.5g*2ea),https://www.oliveyoung.co.kr/store/goods/getGoodsDetail.do?goodsNo=A000000248826&dispCatNo=100000100010015&t_page=카테고리관&t_click=크림_전체__상품상세&t_number=17
크림,파티온,[6월 올영픽/대용량] 파티온 노스카나인 트러블 크림 75ml 기획(+5ml),https://www.oliveyoung.co.kr/store/goods/getGoodsDetail.do?goodsNo=A000000232304&dispCatNo=100000100010015&t_page=카테고리관&t_click=크림_전체__상품상세&t_number=18
크림,리쥬더마 EX,[리쥬란 제약사_4배속 급속진정]리쥬더마 EX 리페어링 크림 20g (+5g*2ea) 한정기획,https://www.oliveyoung.co.kr/store/goods/getGoodsDetail.do?goodsNo=A000000255273&dispCatNo=100000100010015&t_page=카테고리관&t_click=크림_전체__상품상세&t_number=19
크림,동아제약,[6월 올영픽/단독기획] 동아제약 색소침착 프로 크림제 40ml 기획(+5ml*2),https://www.oliveyoung.co.kr/store/goods/getGoodsDetail.do?goodsNo=A000000255721&dispCatNo=100000100010015&t_page=카테고리관&t_click=크림_전체__상품상세&t_number=20
크림,메디힐,[6월 올영픽/1+1] 메디힐 마데카소사이드 흔적 리페어 더마크림 50+50ml 더블 기획,https://www.oliveyoung.co.kr/store/goods/getGoodsDetail.do?goodsNo=A000000244987&dispCatNo=100000100010015&t_page=카테고리관&t_click=크림_전체__상품상세&t_number=21
크림,닥터지,[1+1+증정/광채탄력] 닥터지 블랙스네일 크림 50ml 1+1 기획 +(15ml 추가 증정),https://www.oliveyoung.co.kr/store/goods/getGoodsDetail.do?goodsNo=A000000233322&dispCatNo=100000100010015&t_page=카테고리관&t_click=크림_전체__상품상세&t_number=22
크림,메디큐브,[6월올영픽/수분진정/화잘먹] 메디큐브 PDRN 핑크 히알루로닉 수분크림 100ml 더블기획,https://www.oliveyoung.co.kr/store/goods/getGoodsDetail.do?goodsNo=A000000255677&dispCatNo=100000100010015&t_page=카테고리관&t_click=크림_전체__상품상세&t_number=23
크림,에스트라,[올영 어워즈 1등 크림] 에스트라 아토베리어365 크림 80ml,https://www.oliveyoung.co.kr/store/goods/getGoodsDetail.do?goodsNo=A000000198320&dispCatNo=100000100010015&t_page=카테고리관&t_click=크림_전체__상품상세&t_number=24
크림,닥터지,[포켓몬에디션/1+1/미스트증정] 닥터지 레드 블레미쉬 클리어 수딩크림EX70ml 증정 기획 2종,https://www.oliveyoung.co.kr/store/goods/getGoodsDetail.do?goodsNo=A000000253384&dispCatNo=100000100010015&t_page=카테고리관&t_click=크림_전체__상품상세&t_number=25
크림,이즈앤트리,[NCT 재민PICK] 이즈앤트리 어니언 뉴페어 겔크림 플러스 50ml 더블 기획 (+20ml),https://www.oliveyoung.co.kr/store/goods/getGoodsDetail.do?goodsNo=A000000249777&dispCatNo=100000100010015&t_page=카테고리관&t_click=크림_전체__상품상세&t_number=26
크림,코페르,[곽민경PICK] 코페르 큐리페어 멜라크림 21ml 기획 (+4ml),https://www.oliveyoung.co.kr/store/goods/getGoodsDetail.do?goodsNo=A000000246297&dispCatNo=100000100010015&t_page=카테고리관&t_click=크림_전체__상품상세&t_number=27
크림,메디큐브,[속건조수분크림] 메디큐브 PDRN 핑크 히알루로닉 수분크림 50ml 더블기획 (+앰플10ml),https://www.oliveyoung.co.kr/store/goods/getGoodsDetail.do?goodsNo=A000000240908&dispCatNo=100000100010015&t_page=카테고리관&t_click=크림_전체__상품상세&t_number=28
크림,아누아,[수지 PICK / 수분광채크림] 아누아 피디알엔 히알루론산 100 수분 크림 60mL 기획 (+30mL),https://www.oliveyoung.co.kr/store/goods/getGoodsDetail.do?goodsNo=A000000222703&dispCatNo=100000100010015&t_page=카테고리관&t_click=크림_전체__상품상세&t_number=29
크림,브링그린,[수부지크림/유수분밸런스]브링그린 티트리 시카 수딩 크림 플러스 100ml (2입/단품),https://www.oliveyoung.co.kr/store/goods/getGoodsDetail.do?goodsNo=A000000226553&dispCatNo=100000100010015&t_page=카테고리관&t_click=크림_전체__상품상세&t_number=30
크림,닥터지,[자타입/단독기획] 닥터지 레드블레미쉬 클리어 수딩크림 EX 70ml 기획 (+30ml+세럼10ml*2ea),https://www.oliveyoung.co.kr/store/goods/getGoodsDetail.do?goodsNo=A000000255752&dispCatNo=100000100010015&t_page=카테고리관&t_click=크림_전체__상품상세&t_number=31
크림,더마팩토리,더마팩토리 트라넥삼산 6% 크림 30ml,https://www.oliveyoung.co.kr/store/goods/getGoodsDetail.do?goodsNo=A000000228257&dispCatNo=100000100010015&t_page=카테고리관&t_click=크림_전체__상품상세&t_number=32
크림,코이,[고현정 PICK] 코이 플로우 리프팅 랩핑 크림 50ml 기획 (+미니 크림 10ml 2ea),https://www.oliveyoung.co.kr/store/goods/getGoodsDetail.do?goodsNo=A000000214633&dispCatNo=100000100010015&t_page=카테고리관&t_click=크림_전체__상품상세&t_number=33
크림,VT,[아이크림/눈가탄력] VT 피디알엔 리들샷 아이 리프터 15ml,https://www.oliveyoung.co.kr/store/goods/getGoodsDetail.do?goodsNo=A000000232536&dispCatNo=100000100010015&t_page=카테고리관&t_click=크림_전체__상품상세&t_number=34
크림,에스네이처,[수분충전/쿨링진정] 에스네이처 아쿠아 오아시스 수분 젤크림 90ml 기획 (+카밍패드 2매),https://www.oliveyoung.co.kr/store/goods/getGoodsDetail.do?goodsNo=A000000202893&dispCatNo=100000100010015&t_page=카테고리관&t_click=크림_전체__상품상세&t_number=35
크림,닥터엘시아,[장원영PICK] 닥터엘시아 345 릴리프 크림 50ml,https://www.oliveyoung.co.kr/store/goods/getGoodsDetail.do?goodsNo=A000000238669&dispCatNo=100000100010015&t_page=카테고리관&t_click=크림_전체__상품상세&t_number=36
크림,바이오힐보,[수분진정] 바이오힐보 판테셀 리페어시카 크림 50ml (단품/리필기획),https://www.oliveyoung.co.kr/store/goods/getGoodsDetail.do?goodsNo=A000000189248&dispCatNo=100000100010015&t_page=카테고리관&t_click=크림_전체__상품상세&t_number=37
크림,제로이드,[대용량] 제로이드 인텐시브 크림 80ml 기획 (+50ml),https://www.oliveyoung.co.kr/store/goods/getGoodsDetail.do?goodsNo=A000000231590&dispCatNo=100000100010015&t_page=카테고리관&t_click=크림_전체__상품상세&t_number=38
크림,이즈앤트리,"[NCT 재민PICK] 이즈앤트리 어니언 뉴페어 겔크림 플러스 50ml 기획 (+겔크림 플러스 20ml, 패드 2매)",https://www.oliveyoung.co.kr/store/goods/getGoodsDetail.do?goodsNo=A000000247776&dispCatNo=100000100010015&t_page=카테고리관&t_click=크림_전체__상품상세&t_number=39
크림,한율,[1+1] 한율 트러블 진정 쑥시카 수분 크림 기획 (55ml+55ml),https://www.oliveyoung.co.kr/store/goods/getGoodsDetail.do?goodsNo=A000000222882&dispCatNo=100000100010015&t_page=카테고리관&t_click=크림_전체__상품상세&t_number=40
크림,웰라쥬,[카니PICK/속수분크림] 웰라쥬 리얼 히알루로닉 수딩 크림 80ml 기획(+20ml),https://www.oliveyoung.co.kr/store/goods/getGoodsDetail.do?goodsNo=A000000256802&dispCatNo=100000100010015&t_page=카테고리관&t_click=크림_전체__상품상세&t_number=41
크림,닥터자르트,[한정기획/강력진정크림] 닥터자르트 시카페어 인텐시브 수딩 리페어 크림 50ml 1+1 기획,https://www.oliveyoung.co.kr/store/goods/getGoodsDetail.do?goodsNo=A000000218592&dispCatNo=100000100010015&t_page=카테고리관&t_click=크림_전체__상품상세&t_number=42
크림,동아제약,[6월 올영픽/단독기획] 동아제약 아크네 프로 크림제 30ml 기획(+3ml+겔제3ml),https://www.oliveyoung.co.kr/store/goods/getGoodsDetail.do?goodsNo=A000000255729&dispCatNo=100000100010015&t_page=카테고리관&t_click=크림_전체__상품상세&t_number=43
크림,달바,[26년 신형] 달바 비타 캡슐 크림 나이아신아마이드 5퍼센트 55g 기획 (+10g),https://www.oliveyoung.co.kr/store/goods/getGoodsDetail.do?goodsNo=A000000257713&dispCatNo=100000100010015&t_page=카테고리관&t_click=크림_전체__상품상세&t_number=44
크림,바이오힐보,[기프트세트] 바이오힐보 프로바이오덤 3D 리프팅 스킨케어 3종 세트 (토너+에멀전+크림),https://www.oliveyoung.co.kr/store/goods/getGoodsDetail.do?goodsNo=A000000224147&dispCatNo=100000100010015&t_page=카테고리관&t_click=크림_전체__상품상세&t_number=45
크림,아누아,[단독기획] 아누아 어성초 센텔라 레드 스팟 크림 30g 2입,https://www.oliveyoung.co.kr/store/goods/getGoodsDetail.do?goodsNo=A000000232494&dispCatNo=100000100010015&t_page=카테고리관&t_click=크림_전체__상품상세&t_number=46
크림,아벤느,[손상/장벽 리페어] 아벤느 시칼파트 플러스 SOS 리페어 크림 100ml 기획 (+40ml),https://www.oliveyoung.co.kr/store/goods/getGoodsDetail.do?goodsNo=A000000200725&dispCatNo=100000100010015&t_page=카테고리관&t_click=크림_전체__상품상세&t_number=47
크림,웰라쥬,[화잘먹크림] 웰라쥬 리얼 히알루로닉 100 크림 50ml 더블 기획,https://www.oliveyoung.co.kr/store/goods/getGoodsDetail.do?goodsNo=A000000178512&dispCatNo=100000100010015&t_page=카테고리관&t_click=크림_전체__상품상세&t_number=48
로션,비오템,비오템옴므 아쿠아파워 올인원(기획/단품),https://www.oliveyoung.co.kr/store/goods/getGoodsDetail.do?goodsNo=A000000137488&dispCatNo=100000100010016&t_page=카테고리관&t_click=로션_전체__상품상세&t_number=1
로션,에스트라,에스트라 아토베리어365 로션 150ml 기획 (하이드로에센스 25ml+세라-히알 앰플 7ml),https://www.oliveyoung.co.kr/store/goods/getGoodsDetail.do?goodsNo=A000000222834&dispCatNo=100000100010016&t_page=카테고리관&t_click=로션_전체__상품상세&t_number=2
로션,VT,[6월 올영픽/NEW][모공/피지케어]VT 리들샷 포맨 올인원 100 엠플러스 150ml 단품/기획,https://www.oliveyoung.co.kr/store/goods/getGoodsDetail.do?goodsNo=A000000236543&dispCatNo=100000100010016&t_page=카테고리관&t_click=로션_전체__상품상세&t_number=3
로션,토리든,"[포켓몬 에디션] 토리든 밸런스풀 포맨 시카 프레쉬 올인원 200g 기획(+포켓몬 스포츠타올, 밸런스풀 올인원 20g)",https://www.oliveyoung.co.kr/store/goods/getGoodsDetail.do?goodsNo=A000000228952&dispCatNo=100000100010016&t_page=카테고리관&t_click=로션_전체__상품상세&t_number=4
로션,라운드랩,[6월올영픽/대용량] 라운드랩 1025 독도 로션 400ml,https://www.oliveyoung.co.kr/store/goods/getGoodsDetail.do?goodsNo=A000000161508&dispCatNo=100000100010016&t_page=카테고리관&t_click=로션_전체__상품상세&t_number=5
로션,아이디얼포맨,[7년 연속 1위] 아이디얼포맨 퍼펙트 올인원 150ml 단품/기획,https://www.oliveyoung.co.kr/store/goods/getGoodsDetail.do?goodsNo=A000000228228&dispCatNo=100000100010016&t_page=카테고리관&t_click=로션_전체__상품상세&t_number=6
로션,아누아,아누아 라이스 70 인텐시브 모이스처라이징 밀크 150ml,https://www.oliveyoung.co.kr/store/goods/getGoodsDetail.do?goodsNo=A000000224041&dispCatNo=100000100010016&t_page=카테고리관&t_click=로션_전체__상품상세&t_number=7
로션,온그리디언츠,[1등 속광로션/단독기획] 온그리디언츠 스킨 베리어 카밍 로션 이엑스 220ml 기획 (+80ml),https://www.oliveyoung.co.kr/store/goods/getGoodsDetail.do?goodsNo=A000000243499&dispCatNo=100000100010016&t_page=카테고리관&t_click=로션_전체__상품상세&t_number=8
로션,아이오페,[6월 올영픽/10년 연속 1위] 아이오페 맨 올데이 퍼펙트 올인원 120ml 기획 (+30ml),https://www.oliveyoung.co.kr/store/goods/getGoodsDetail.do?goodsNo=A000000184697&dispCatNo=100000100010016&t_page=카테고리관&t_click=로션_전체__상품상세&t_number=9
로션,아누아,[NEW/리뉴얼] 아누아 어성초 77 히알루론산 수분 진정 로션 200ml,https://www.oliveyoung.co.kr/store/goods/getGoodsDetail.do?goodsNo=A000000248426&dispCatNo=100000100010016&t_page=카테고리관&t_click=로션_전체__상품상세&t_number=10
로션,제로이드,제로이드 인텐시브 로션 160ml 기획 (+크림 토너 25ml),https://www.oliveyoung.co.kr/store/goods/getGoodsDetail.do?goodsNo=A000000250632&dispCatNo=100000100010016&t_page=카테고리관&t_click=로션_전체__상품상세&t_number=11
로션,피지오겔,피지오겔 DMT 페이셜 로션 200ml 기획 (+토너 50ml),https://www.oliveyoung.co.kr/store/goods/getGoodsDetail.do?goodsNo=A000000251468&dispCatNo=100000100010016&t_page=카테고리관&t_click=로션_전체__상품상세&t_number=12
로션,피지오겔,[6월 올영픽]피지오겔 아쿠아 포맨 오일컷 올인원 100ml (단품/기획),https://www.oliveyoung.co.kr/store/goods/getGoodsDetail.do?goodsNo=A000000223483&dispCatNo=100000100010016&t_page=카테고리관&t_click=로션_전체__상품상세&t_number=13
로션,우르오스,우르오스 올인원 스킨로션 200ml,https://www.oliveyoung.co.kr/store/goods/getGoodsDetail.do?goodsNo=A000000006564&dispCatNo=100000100010016&t_page=카테고리관&t_click=로션_전체__상품상세&t_number=14
로션,우르오스,우르오스 올인원 스킨밀크 200ml,https://www.oliveyoung.co.kr/store/goods/getGoodsDetail.do?goodsNo=A000000006565&dispCatNo=100000100010016&t_page=카테고리관&t_click=로션_전체__상품상세&t_number=15
로션,토리든,토리든 다이브인 포맨 저분자 히알루론산 올인원 200g 단품/기획 (+올인원 20g),https://www.oliveyoung.co.kr/store/goods/getGoodsDetail.do?goodsNo=A000000207111&dispCatNo=100000100010016&t_page=카테고리관&t_click=로션_전체__상품상세&t_number=16
로션,우르오스,[베스트 올인원]우르오스 올인원 200ml 2종 택 1,https://www.oliveyoung.co.kr/store/goods/getGoodsDetail.do?goodsNo=A000000117541&dispCatNo=100000100010016&t_page=카테고리관&t_click=로션_전체__상품상세&t_number=17
로션,닥터지,[증정 기획] 닥터지 레드 블레미쉬 포 맨 올인원 오일컷 로션 150ml 기획 (+30ml),https://www.oliveyoung.co.kr/store/goods/getGoodsDetail.do?goodsNo=A000000185235&dispCatNo=100000100010016&t_page=카테고리관&t_click=로션_전체__상품상세&t_number=18
로션,제로이드,제로이드 수딩 로션 160ml,https://www.oliveyoung.co.kr/store/goods/getGoodsDetail.do?goodsNo=A000000209904&dispCatNo=100000100010016&t_page=카테고리관&t_click=로션_전체__상품상세&t_number=19
로션,라운드랩,[건성피부/보습케어] 라운드랩 포 맨 1025 독도 올인원 플루이드 200ml,https://www.oliveyoung.co.kr/store/goods/getGoodsDetail.do?goodsNo=A000000183230&dispCatNo=100000100010016&t_page=카테고리관&t_click=로션_전체__상품상세&t_number=20
로션,더샘,[NEW/여름화잘먹/프렙로션] 더샘 스킨 프렙 밸런싱 밀크 로션 155ml,https://www.oliveyoung.co.kr/store/goods/getGoodsDetail.do?goodsNo=A000000255383&dispCatNo=100000100010016&t_page=카테고리관&t_click=로션_전체__상품상세&t_number=21
로션,닥터지,[리뉴얼/트러블/면도후] 닥터지 레드 블레미쉬 포 맨 진정 올인원 150ml 2종 (단품/증정 기획),https://www.oliveyoung.co.kr/store/goods/getGoodsDetail.do?goodsNo=A000000223781&dispCatNo=100000100010016&t_page=카테고리관&t_click=로션_전체__상품상세&t_number=22
로션,메이크프렘,[쿨링진정]메이크프렘 인테카 포맨 수딩 올인원 200ml (기획/단품),https://www.oliveyoung.co.kr/store/goods/getGoodsDetail.do?goodsNo=A000000219845&dispCatNo=100000100010016&t_page=카테고리관&t_click=로션_전체__상품상세&t_number=23
로션,닥터지,[속보습/수분로션] 닥터지 더모이스처 배리어 D 로션 300ml 기획 (+멀티밤 1g),https://www.oliveyoung.co.kr/store/goods/getGoodsDetail.do?goodsNo=A000000198539&dispCatNo=100000100010016&t_page=카테고리관&t_click=로션_전체__상품상세&t_number=24
로션,라운드랩,[지성피부/유분케어] 라운드랩 포 맨 1025 독도 올인원 젤로션 200ml,https://www.oliveyoung.co.kr/store/goods/getGoodsDetail.do?goodsNo=A000000197722&dispCatNo=100000100010016&t_page=카테고리관&t_click=로션_전체__상품상세&t_number=25
로션,오브제,[모공쿨링 올인원] 오브제 포어 제로 프레쉬 올인원 150ml 단품/기획,https://www.oliveyoung.co.kr/store/goods/getGoodsDetail.do?goodsNo=A000000230537&dispCatNo=100000100010016&t_page=카테고리관&t_click=로션_전체__상품상세&t_number=26
로션,우르오스,우르오스 올인원 스킨컨디셔너 60g,https://www.oliveyoung.co.kr/store/goods/getGoodsDetail.do?goodsNo=A000000015971&dispCatNo=100000100010016&t_page=카테고리관&t_click=로션_전체__상품상세&t_number=27
로션,디오디너리,[산뜻보습] 디오디너리 라이스 리피즈 + 엑토인 마이크로에멀전 120ml,https://www.oliveyoung.co.kr/store/goods/getGoodsDetail.do?goodsNo=A000000245710&dispCatNo=100000100010016&t_page=카테고리관&t_click=로션_전체__상품상세&t_number=28
로션,라운드랩,[수분진정] 라운드랩 포 맨 자작나무 수분 로션 200ml,https://www.oliveyoung.co.kr/store/goods/getGoodsDetail.do?goodsNo=A000000163494&dispCatNo=100000100010016&t_page=카테고리관&t_click=로션_전체__상품상세&t_number=29
로션,라운드랩,[민감진정/화해1위] 라운드랩 포 맨 소나무 진정 시카 로션 200ml,https://www.oliveyoung.co.kr/store/goods/getGoodsDetail.do?goodsNo=A000000199154&dispCatNo=100000100010016&t_page=카테고리관&t_click=로션_전체__상품상세&t_number=30
로션,에스트라,에스트라 아토베리어365 로션 150ml,https://www.oliveyoung.co.kr/store/goods/getGoodsDetail.do?goodsNo=A000000198321&dispCatNo=100000100010016&t_page=카테고리관&t_click=로션_전체__상품상세&t_number=31
로션,토리든,[NEW] 토리든 솔리드인 포맨 세라마이드 보습 올인원 200g 기획 (+올인원 20g),https://www.oliveyoung.co.kr/store/goods/getGoodsDetail.do?goodsNo=A000000244793&dispCatNo=100000100010016&t_page=카테고리관&t_click=로션_전체__상품상세&t_number=32
로션,토리든,[단독기획] 토리든 다이브인 포맨 저분자 히알루론산 올인원 200g 더블 기획,https://www.oliveyoung.co.kr/store/goods/getGoodsDetail.do?goodsNo=A000000230522&dispCatNo=100000100010016&t_page=카테고리관&t_click=로션_전체__상품상세&t_number=33
로션,아이디얼포맨,[7년 연속 1위] 아이디얼포맨 퍼펙트 올인원 150ml 단품/기획,https://www.oliveyoung.co.kr/store/goods/getGoodsDetail.do?goodsNo=A000000232971&dispCatNo=100000100010016&t_page=카테고리관&t_click=로션_전체__상품상세&t_number=34
로션,설화수,설화수 자음유액EX 125ml,https://www.oliveyoung.co.kr/store/goods/getGoodsDetail.do?goodsNo=A000000221831&dispCatNo=100000100010016&t_page=카테고리관&t_click=로션_전체__상품상세&t_number=35
로션,LBB,[100시간 수분보습]LBB 올 데이 케어 인 로션 50ml,https://www.oliveyoung.co.kr/store/goods/getGoodsDetail.do?goodsNo=A000000211930&dispCatNo=100000100010016&t_page=카테고리관&t_click=로션_전체__상품상세&t_number=36
로션,라운드랩,[민감진정] 라운드랩 소나무 진정 시카 로션 250ml,https://www.oliveyoung.co.kr/store/goods/getGoodsDetail.do?goodsNo=A000000184789&dispCatNo=100000100010016&t_page=카테고리관&t_click=로션_전체__상품상세&t_number=37
로션,라운드랩,[지성피부/유분케어] 라운드랩 포 맨 1025 독도 올인원 젤로션 200ml+200ml,https://www.oliveyoung.co.kr/store/goods/getGoodsDetail.do?goodsNo=A000000197739&dispCatNo=100000100010016&t_page=카테고리관&t_click=로션_전체__상품상세&t_number=38
로션,피지오겔,피지오겔 시카밸런스 포맨 카밍 플루이드 100ml,https://www.oliveyoung.co.kr/store/goods/getGoodsDetail.do?goodsNo=A000000205392&dispCatNo=100000100010016&t_page=카테고리관&t_click=로션_전체__상품상세&t_number=39
로션,키엘,키엘 칼렌듈라 에멀전 125ml,https://www.oliveyoung.co.kr/store/goods/getGoodsDetail.do?goodsNo=A000000214141&dispCatNo=100000100010016&t_page=카테고리관&t_click=로션_전체__상품상세&t_number=40
로션,플리프,플리프 시카-알로에 카밍 올인원 로션 200ml (트러블 피부용),https://www.oliveyoung.co.kr/store/goods/getGoodsDetail.do?goodsNo=A000000145835&dispCatNo=100000100010016&t_page=카테고리관&t_click=로션_전체__상품상세&t_number=41
로션,바이오힐보,[탄력에멀전] 바이오힐 보 프로바이오덤 3D 리프팅 에멀전 150ml,https://www.oliveyoung.co.kr/store/goods/getGoodsDetail.do?goodsNo=A000000203247&dispCatNo=100000100010016&t_page=카테고리관&t_click=로션_전체__상품상세&t_number=42
로션,크리니크,[1+1] 크리니크 노란에센스젤 125ml 기획/단품,https://www.oliveyoung.co.kr/store/goods/getGoodsDetail.do?goodsNo=A000000104176&dispCatNo=100000100010016&t_page=카테고리관&t_click=로션_전체__상품상세&t_number=43
로션,싸이닉,싸이닉 더 심플 데일리 로션 260ml,https://www.oliveyoung.co.kr/store/goods/getGoodsDetail.do?goodsNo=A000000137078&dispCatNo=100000100010016&t_page=카테고리관&t_click=로션_전체__상품상세&t_number=44
로션,듀이트리,[모공피지순삭/수분진정] 듀이트리 AC 딥 맨즈 카밍 포어 올인원 200ml 기획 (+20ml),https://www.oliveyoung.co.kr/store/goods/getGoodsDetail.do?goodsNo=A000000248724&dispCatNo=100000100010016&t_page=카테고리관&t_click=로션_전체__상품상세&t_number=45
로션,코스노리,[화잘먹로션/장벽로션] 코스노리 판테놀 베리어 에멀전 150ml,https://www.oliveyoung.co.kr/store/goods/getGoodsDetail.do?goodsNo=A000000237493&dispCatNo=100000100010016&t_page=카테고리관&t_click=로션_전체__상품상세&t_number=46
로션,아이디얼포맨,[7년 연속 1위] 아이디얼포맨 퍼펙트 올인원 150ml 단품/기획,https://www.oliveyoung.co.kr/store/goods/getGoodsDetail.do?goodsNo=A000000222773&dispCatNo=100000100010016&t_page=카테고리관&t_click=로션_전체__상품상세&t_number=47
로션,닥터지,[수분진정로션/본품증정] 닥터지 레드 블레미쉬 포 맨 플루이드/폼 2종 기획 세트,https://www.oliveyoung.co.kr/store/goods/getGoodsDetail.do?goodsNo=A000000207459&dispCatNo=100000100010016&t_page=카테고리관&t_click=로션_전체__상품상세&t_number=48
스킨케어 디바이스,아누아,[6월 올영픽/한정기획] 아누아 피디알엔 히알루론산 수분 캡슐 미스트 100ml 2입 기획,https://www.oliveyoung.co.kr/store/goods/getGoodsDetail.do?goodsNo=A000000247773&dispCatNo=100000100010010&t_page=카테고리관&t_click=미스트/오일_전체__상품상세&t_number=1
스킨케어 디바이스,메디큐브,[6월올영픽/청담샵화잘먹] 메디큐브 PDRN 핑크 콜라겐 글로우 젤리 미스트 100ml 더블기획(+미스트 공병 키링),https://www.oliveyoung.co.kr/store/goods/getGoodsDetail.do?goodsNo=A000000255680&dispCatNo=100000100010010&t_page=카테고리관&t_click=미스트/오일_전체__상품상세&t_number=2
스킨케어 디바이스,달바,[NO.1 미스트세럼] 달바 퍼스트 스프레이 세럼 100ml 2개 기획,https://www.oliveyoung.co.kr/store/goods/getGoodsDetail.do?goodsNo=A000000232724&dispCatNo=100000100010010&t_page=카테고리관&t_click=미스트/오일_전체__상품상세&t_number=3
스킨케어 디바이스,디어달리아,[화잘먹/볼륨광미스트] 디어달리아 엔드리스 스킨 크림 미스트,https://www.oliveyoung.co.kr/store/goods/getGoodsDetail.do?goodsNo=A000000253205&dispCatNo=100000100010010&t_page=카테고리관&t_click=미스트/오일_전체__상품상세&t_number=4
스킨케어 디바이스,바이오힐보,[재구매율1위] 바이오힐보 판테셀 리페어시카 크림미스트 [기내용/더블/대용량기획],https://www.oliveyoung.co.kr/store/goods/getGoodsDetail.do?goodsNo=A000000189004&dispCatNo=100000100010010&t_page=카테고리관&t_click=미스트/오일_전체__상품상세&t_number=5
스킨케어 디바이스,바이오힐보,[화잘먹미스트] 바이오힐보 프로바이오덤 콜라겐 리모델링 세럼 겔 미스트 100mL,https://www.oliveyoung.co.kr/store/goods/getGoodsDetail.do?goodsNo=A000000254446&dispCatNo=100000100010010&t_page=카테고리관&t_click=미스트/오일_전체__상품상세&t_number=6
스킨케어 디바이스,에스네이처,[1초 수분결 미스트] 에스네이처 아쿠아 스쿠알란 미스트 100ml,https://www.oliveyoung.co.kr/store/goods/getGoodsDetail.do?goodsNo=A000000213148&dispCatNo=100000100010010&t_page=카테고리관&t_click=미스트/오일_전체__상품상세&t_number=7
스킨케어 디바이스,에스트라,에스트라 아토베리어365 크림미스트 120ml,https://www.oliveyoung.co.kr/store/goods/getGoodsDetail.do?goodsNo=A000000130138&dispCatNo=100000100010010&t_page=카테고리관&t_click=미스트/오일_전체__상품상세&t_number=8
스킨케어 디바이스,아누아,[수지pick/뽀용뇽 공동개발] 아누아 피디알엔 히알루론산 수분 캡슐 미스트 100ml,https://www.oliveyoung.co.kr/store/goods/getGoodsDetail.do?goodsNo=A000000237449&dispCatNo=100000100010010&t_page=카테고리관&t_click=미스트/오일_전체__상품상세&t_number=9
스킨케어 디바이스,아벤느,[1등 미스트] 아벤느 오 떼르말 미스트 300ml*2 + 50ml 기획,https://www.oliveyoung.co.kr/store/goods/getGoodsDetail.do?goodsNo=A000000166436&dispCatNo=100000100010010&t_page=카테고리관&t_click=미스트/오일_전체__상품상세&t_number=10
스킨케어 디바이스,메디큐브,[화잘먹미스트/탱글젤리광] 메디큐브 PDRN 핑크 콜라겐 젤리 미스트 100ml 기획 (+앰플5ml+크림10ml),https://www.oliveyoung.co.kr/store/goods/getGoodsDetail.do?goodsNo=A000000232220&dispCatNo=100000100010010&t_page=카테고리관&t_click=미스트/오일_전체__상품상세&t_number=11
스킨케어 디바이스,아벤느,아벤느 오 떼르말 미스트 150ml 2입 기획,https://www.oliveyoung.co.kr/store/goods/getGoodsDetail.do?goodsNo=A000000010507&dispCatNo=100000100010010&t_page=카테고리관&t_click=미스트/오일_전체__상품상세&t_number=12
스킨케어 디바이스,닥터엘시아,닥터엘시아 345 릴리프 크림 미스트 100ml 기획 (+60ml),https://www.oliveyoung.co.kr/store/goods/getGoodsDetail.do?goodsNo=A000000251062&dispCatNo=100000100010010&t_page=카테고리관&t_click=미스트/오일_전체__상품상세&t_number=13
스킨케어 디바이스,VT,[포켓몬 에디션] VT 피디알엔 글로우 앰플 미스트 100ml 더블 기획 (+포켓몬 티 코스터),https://www.oliveyoung.co.kr/store/goods/getGoodsDetail.do?goodsNo=A000000254068&dispCatNo=100000100010010&t_page=카테고리관&t_click=미스트/오일_전체__상품상세&t_number=14
스킨케어 디바이스,닥터자르트,[강력진정/산뜻보습] 닥터자르트 시카페어 페이셜 카밍 미스트 150ml,https://www.oliveyoung.co.kr/store/goods/getGoodsDetail.do?goodsNo=A000000115500&dispCatNo=100000100010010&t_page=카테고리관&t_click=미스트/오일_전체__상품상세&t_number=15
스킨케어 디바이스,닥터지,[NEW/쿨링진정] 닥터지 레드 블레미쉬 쿨 수딩 젤리 미스트 100ml,https://www.oliveyoung.co.kr/store/goods/getGoodsDetail.do?goodsNo=A000000252324&dispCatNo=100000100010010&t_page=카테고리관&t_click=미스트/오일_전체__상품상세&t_number=16
스킨케어 디바이스,차앤박,[보습광채/안개분사]차앤박 프로폴리스 에너지 앰플 미스트 100ml,https://www.oliveyoung.co.kr/store/goods/getGoodsDetail.do?goodsNo=A000000154819&dispCatNo=100000100010010&t_page=카테고리관&t_click=미스트/오일_전체__상품상세&t_number=17
스킨케어 디바이스,런드리유,[서예지 PICK] 런드리유 카밍 고체 미스트 100+100g 더블 기획,https://www.oliveyoung.co.kr/store/goods/getGoodsDetail.do?goodsNo=A000000254684&dispCatNo=100000100010010&t_page=카테고리관&t_click=미스트/오일_전체__상품상세&t_number=18
스킨케어 디바이스,VT,[안개분사] VT 피디알엔 글로우 앰플 미스트 100ml 기획 (+피디알엔 에센스 15ml+리들샷 1ml*3개),https://www.oliveyoung.co.kr/store/goods/getGoodsDetail.do?goodsNo=A000000243432&dispCatNo=100000100010010&t_page=카테고리관&t_click=미스트/오일_전체__상품상세&t_number=19
스킨케어 디바이스,달바,[긴급진정] 달바 바이탈 스프레이 세럼 100ml 2개 기획,https://www.oliveyoung.co.kr/store/goods/getGoodsDetail.do?goodsNo=A000000232717&dispCatNo=100000100010010&t_page=카테고리관&t_click=미스트/오일_전체__상품상세&t_number=20
스킨케어 디바이스,런드리유,[수분장벽/진정잠금] 런드리유 카밍 고체미스트 100g+30g 기획,https://www.oliveyoung.co.kr/store/goods/getGoodsDetail.do?goodsNo=A000000235494&dispCatNo=100000100010010&t_page=카테고리관&t_click=미스트/오일_전체__상품상세&t_number=21
스킨케어 디바이스,오드로이,[화잘먹미스트] 오드로이 모공수축 시카 83.7 콜라겐 미스트 앰플 로프디 100ml,https://www.oliveyoung.co.kr/store/goods/getGoodsDetail.do?goodsNo=A000000227144&dispCatNo=100000100010010&t_page=카테고리관&t_click=미스트/오일_전체__상품상세&t_number=22
스킨케어 디바이스,라로슈포제,라로슈포제 세로징크 세범 컨트롤 토닝 미스트 150ml,https://www.oliveyoung.co.kr/store/goods/getGoodsDetail.do?goodsNo=A000000014686&dispCatNo=100000100010010&t_page=카테고리관&t_click=미스트/오일_전체__상품상세&t_number=23
스킨케어 디바이스,아누아,[수지pick/뽀용뇽 공동개발] 아누아 피디알엔 히알루론산 수분 캡슐 미스트 30ml,https://www.oliveyoung.co.kr/store/goods/getGoodsDetail.do?goodsNo=A000000237453&dispCatNo=100000100010010&t_page=카테고리관&t_click=미스트/오일_전체__상품상세&t_number=24
스킨케어 디바이스,한율,[수부지/안개분사] 한율 어린쑥 트러블 진정 미스트 120ml 리필 기획 (+어린쑥 미스트 120ml 리필),https://www.oliveyoung.co.kr/store/goods/getGoodsDetail.do?goodsNo=A000000220688&dispCatNo=100000100010010&t_page=카테고리관&t_click=미스트/오일_전체__상품상세&t_number=25
스킨케어 디바이스,아벤느,[1등 미스트] 아벤느 오 떼르말 미스트 300ml 2입 기획,https://www.oliveyoung.co.kr/store/goods/getGoodsDetail.do?goodsNo=A000000010498&dispCatNo=100000100010010&t_page=카테고리관&t_click=미스트/오일_전체__상품상세&t_number=26
스킨케어 디바이스,에스네이처,[1초 수분결 미스트] 에스네이처 아쿠아 스쿠알란 미스트 100ml 더블기획,https://www.oliveyoung.co.kr/store/goods/getGoodsDetail.do?goodsNo=A000000240453&dispCatNo=100000100010010&t_page=카테고리관&t_click=미스트/오일_전체__상품상세&t_number=27
스킨케어 디바이스,유리아쥬,[3중장벽강화 미스트] 유리아쥬 리페어링 떼르말 워터 300ml 더블기획 (300ml+300ml),https://www.oliveyoung.co.kr/store/goods/getGoodsDetail.do?goodsNo=A000000014358&dispCatNo=100000100010010&t_page=카테고리관&t_click=미스트/오일_전체__상품상세&t_number=28
스킨케어 디바이스,눅스,[화잘먹오일프렙/멀티오일] 눅스 윌 프로디쥬스 멀티 드라이 오일 50ml(단품),https://www.oliveyoung.co.kr/store/goods/getGoodsDetail.do?goodsNo=A000000219172&dispCatNo=100000100010010&t_page=카테고리관&t_click=미스트/오일_전체__상품상세&t_number=29
스킨케어 디바이스,퍼셀,[한정에디션] 퍼셀 247 초유 포어 디펜스 장벽강화 미스트 핑크 55ml,https://www.oliveyoung.co.kr/store/goods/getGoodsDetail.do?goodsNo=A000000245184&dispCatNo=100000100010010&t_page=카테고리관&t_click=미스트/오일_전체__상품상세&t_number=30
스킨케어 디바이스,유이크,[장벽미스트/+50ml증정 기획]유이크 바이옴 베리어 크림 미스트 100ml 기획 (+50ml),https://www.oliveyoung.co.kr/store/goods/getGoodsDetail.do?goodsNo=A000000249277&dispCatNo=100000100010010&t_page=카테고리관&t_click=미스트/오일_전체__상품상세&t_number=31
스킨케어 디바이스,톰,[미니30ml증정/청담샵미스트] 톰 콜라겐 앰플 미스트 73.8ml 기획세트 (본품+미니),https://www.oliveyoung.co.kr/store/goods/getGoodsDetail.do?goodsNo=A000000244926&dispCatNo=100000100010010&t_page=카테고리관&t_click=미스트/오일_전체__상품상세&t_number=32
스킨케어 디바이스,바이오던스,[NEW] 바이오던스 콜라겐 펩타이드 젤리 세럼 미스트 50ml,https://www.oliveyoung.co.kr/store/goods/getGoodsDetail.do?goodsNo=A000000251220&dispCatNo=100000100010010&t_page=카테고리관&t_click=미스트/오일_전체__상품상세&t_number=33
스킨케어 디바이스,밀리밀리,[1초미스트/화잘먹/단독기획] 밀리밀리 500달톤 프로틴 콜라겐 미스트 55ml*2 더블기획,https://www.oliveyoung.co.kr/store/goods/getGoodsDetail.do?goodsNo=A000000257433&dispCatNo=100000100010010&t_page=카테고리관&t_click=미스트/오일_전체__상품상세&t_number=34
스킨케어 디바이스,라씨엘르,[레오제이PICK] 라씨엘르 신선초 진정에이징 에센스 미스트 50ml,https://www.oliveyoung.co.kr/store/goods/getGoodsDetail.do?goodsNo=A000000241356&dispCatNo=100000100010010&t_page=카테고리관&t_click=미스트/오일_전체__상품상세&t_number=35
스킨케어 디바이스,에스트라,[더블세트] 에스트라 아토베리어365 크림미스트 120ml 2입 기획,https://www.oliveyoung.co.kr/store/goods/getGoodsDetail.do?goodsNo=A000000245094&dispCatNo=100000100010010&t_page=카테고리관&t_click=미스트/오일_전체__상품상세&t_number=36
스킨케어 디바이스,달바,[미백탄력/비타VER] 달바 비타 토닝 안티에이징 스프레이 세럼 8퍼센트 70ml,https://www.oliveyoung.co.kr/store/goods/getGoodsDetail.do?goodsNo=A000000241879&dispCatNo=100000100010010&t_page=카테고리관&t_click=미스트/오일_전체__상품상세&t_number=37
스킨케어 디바이스,프라나롬,[피로하고 건조한 눈 케어] 프라나롬 캐모마일 하이드롤라 150ml,https://www.oliveyoung.co.kr/store/goods/getGoodsDetail.do?goodsNo=A000000213555&dispCatNo=100000100010010&t_page=카테고리관&t_click=미스트/오일_전체__상품상세&t_number=38
스킨케어 디바이스,프라나롬,[100% 로즈 꽃수] 프라나롬 로즈 하이드롤라 150ml,https://www.oliveyoung.co.kr/store/goods/getGoodsDetail.do?goodsNo=A000000213556&dispCatNo=100000100010010&t_page=카테고리관&t_click=미스트/오일_전체__상품상세&t_number=39
스킨케어 디바이스,에스테덤,[대용량]에스테덤 셀룰러 워터 미스트 200ml (항산화 미스트),https://www.oliveyoung.co.kr/store/goods/getGoodsDetail.do?goodsNo=A000000170881&dispCatNo=100000100010010&t_page=카테고리관&t_click=미스트/오일_전체__상품상세&t_number=40
스킨케어 디바이스,이즈앤트리,이즈앤트리 히아루론산 워터 미스트,https://www.oliveyoung.co.kr/store/goods/getGoodsDetail.do?goodsNo=A000000117163&dispCatNo=100000100010010&t_page=카테고리관&t_click=미스트/오일_전체__상품상세&t_number=41
스킨케어 디바이스,눅스,눅스 윌 프로디쥬스 멀티 플로럴 오일 50ml 기획(+우드괄사)(2604),https://www.oliveyoung.co.kr/store/goods/getGoodsDetail.do?goodsNo=A000000255452&dispCatNo=100000100010010&t_page=카테고리관&t_click=미스트/오일_전체__상품상세&t_number=42
스킨케어 디바이스,눅스,눅스 윌 프로디쥬스 멀티 드라이 오일 50ml 기획(+우드괄사)(2604),https://www.oliveyoung.co.kr/store/goods/getGoodsDetail.do?goodsNo=A000000255463&dispCatNo=100000100010010&t_page=카테고리관&t_click=미스트/오일_전체__상품상세&t_number=43
스킨케어 디바이스,바이오힐보,[수분쿨링] 바이오힐보 판테셀 리페어시카 수분 캡슐 미스트 100mL,https://www.oliveyoung.co.kr/store/goods/getGoodsDetail.do?goodsNo=A000000252601&dispCatNo=100000100010010&t_page=카테고리관&t_click=미스트/오일_전체__상품상세&t_number=44
스킨케어 디바이스,차앤박,[뿌리는PDRN] 차앤박 더마앤서 스킨 부스팅 세럼 미스트 250ml (아따맘마 콜라보),https://www.oliveyoung.co.kr/store/goods/getGoodsDetail.do?goodsNo=A000000233744&dispCatNo=100000100010010&t_page=카테고리관&t_click=미스트/오일_전체__상품상세&t_number=45
스킨케어 디바이스,차앤박,[뿌리는 PDRN/탄력+광채] 차앤박 더마앤서 스킨 부스팅 세럼 미스트 250ml,https://www.oliveyoung.co.kr/store/goods/getGoodsDetail.do?goodsNo=A000000242585&dispCatNo=100000100010010&t_page=카테고리관&t_click=미스트/오일_전체__상품상세&t_number=46
스킨케어 디바이스,더하르나이,[아이돌광채][NEW] 더하르나이 시카이드 크림 미스트 120ml (안개분사 화잘먹 미스트),https://www.oliveyoung.co.kr/store/goods/getGoodsDetail.do?goodsNo=A000000213916&dispCatNo=100000100010010&t_page=카테고리관&t_click=미스트/오일_전체__상품상세&t_number=47
스킨케어 디바이스,쌍빠,쌍빠 어딕트 글로우 매직에센스 100ml,https://www.oliveyoung.co.kr/store/goods/getGoodsDetail.do?goodsNo=A000000107076&dispCatNo=100000100010010&t_page=카테고리관&t_click=미스트/오일_전체__상품상세&t_number=48
립메이크업,퓌,[NEW 바닐라에디션/6월올영픽] 퓌 3D 볼류밍 글로스 5.3g 단품/기획 (+버터크림스틱),https://www.oliveyoung.co.kr/store/goods/getGoodsDetail.do?goodsNo=A000000246445&dispCatNo=100000100020006&t_page=카테고리관&t_click=립메이크업_전체__상품상세&t_number=1
립메이크업,맥,[6월올영픽] MAC 러스터글래스 스테인글래스 립 틴트 12 Colors 기획/단품,https://www.oliveyoung.co.kr/store/goods/getGoodsDetail.do?goodsNo=A000000257016&dispCatNo=100000100020006&t_page=카테고리관&t_click=립메이크업_전체__상품상세&t_number=2
립메이크업,얼터너티브스테레오,[NEW초여름 컬러/6월 올영픽] 얼터너티브스테레오 립 포션 카라멜 글레이즈 8ml,https://www.oliveyoung.co.kr/store/goods/getGoodsDetail.do?goodsNo=A000000234394&dispCatNo=100000100020006&t_page=카테고리관&t_click=립메이크업_전체__상품상세&t_number=3
립메이크업,롬앤,[NEW두유코어/1등틴트] 롬앤 더 쥬시 래스팅 틴트 단품/기획 (+미니 틴트 증정),https://www.oliveyoung.co.kr/store/goods/getGoodsDetail.do?goodsNo=A000000241210&dispCatNo=100000100020006&t_page=카테고리관&t_click=립메이크업_전체__상품상세&t_number=4
립메이크업,퓌,[NEW 바닐라에디션/6월올영픽] 퓌 로즈 옵세션 스테이핏 틴트 (글로우/매트) (+라떼글로스),https://www.oliveyoung.co.kr/store/goods/getGoodsDetail.do?goodsNo=A000000248951&dispCatNo=100000100020006&t_page=카테고리관&t_click=립메이크업_전체__상품상세&t_number=5
립메이크업,로지킴,[6월올영픽/미니블러셔증정] 로지킴 PDRN 틴티드 립 앰플 10ml 13종 단품/기획,https://www.oliveyoung.co.kr/store/goods/getGoodsDetail.do?goodsNo=A000000243535&dispCatNo=100000100020006&t_page=카테고리관&t_click=립메이크업_전체__상품상세&t_number=6
립메이크업,페리페라,[6월 올영픽/+꿀글로스 증정] 페리페라 무드 글로이 틴트 27 Colors (단품/기획),https://www.oliveyoung.co.kr/store/goods/getGoodsDetail.do?goodsNo=A000000244834&dispCatNo=100000100020006&t_page=카테고리관&t_click=립메이크업_전체__상품상세&t_number=7
립메이크업,3CE,[6월올영픽/미니립증정기획] 3CE 블러 워터 틴트 4.6g 20종 단품/기획,https://www.oliveyoung.co.kr/store/goods/getGoodsDetail.do?goodsNo=A000000148591&dispCatNo=100000100020006&t_page=카테고리관&t_click=립메이크업_전체__상품상세&t_number=8
립메이크업,롬앤,[6월올영픽/아일릿 원희 PICK] 롬앤 쥬시 플래시 립 오일 (+미니 립오일 증정),https://www.oliveyoung.co.kr/store/goods/getGoodsDetail.do?goodsNo=A000000252485&dispCatNo=100000100020006&t_page=카테고리관&t_click=립메이크업_전체__상품상세&t_number=9
립메이크업,토니모리,[NEW 알로하선셋 에디션 출시]  토니모리 퍼펙트립스 쇼킹립 틴트,https://www.oliveyoung.co.kr/store/goods/getGoodsDetail.do?goodsNo=A000000205485&dispCatNo=100000100020006&t_page=카테고리관&t_click=립메이크업_전체__상품상세&t_number=10
립메이크업,힌스,[NEW 올영 단독 컬러/플럼핑 립펜슬 증정] 힌스 로 글로우 젤 틴트 26 Colors 한정 기획 (칠보야지 컬렉션),https://www.oliveyoung.co.kr/store/goods/getGoodsDetail.do?goodsNo=A000000202912&dispCatNo=100000100020006&t_page=카테고리관&t_click=립메이크업_전체__상품상세&t_number=11
립메이크업,투크,[NEW OY 단독컬러 / 미니 립코렉터 증정] 투크 윗아웃 미러 립 틴트 18종 중 택1,https://www.oliveyoung.co.kr/store/goods/getGoodsDetail.do?goodsNo=A000000211367&dispCatNo=100000100020006&t_page=카테고리관&t_click=립메이크업_전체__상품상세&t_number=12
립메이크업,롬앤,[NEW두유코어/아일릿 원희픽] 롬앤 글래스팅 컬러 글로스 단품/기획 (+미니 립펜슬 증정),https://www.oliveyoung.co.kr/store/goods/getGoodsDetail.do?goodsNo=A000000197231&dispCatNo=100000100020006&t_page=카테고리관&t_click=립메이크업_전체__상품상세&t_number=13
립메이크업,투크,[NEW 멀멀 신규컬러 출시] 투크 볼륨 글레이즈 시럽틴트 9 colors,https://www.oliveyoung.co.kr/store/goods/getGoodsDetail.do?goodsNo=A000000248529&dispCatNo=100000100020006&t_page=카테고리관&t_click=립메이크업_전체__상품상세&t_number=14
립메이크업,컬러그램,[포켓몬 에디션/립파우치 증정]컬러그램 누디 블러 틴트 32COLOR(단품/기획),https://www.oliveyoung.co.kr/store/goods/getGoodsDetail.do?goodsNo=A000000230581&dispCatNo=100000100020006&t_page=카테고리관&t_click=립메이크업_전체__상품상세&t_number=15
립메이크업,하트퍼센트,[태산 PICK / NEW 컬러] 하트퍼센트 도트 온 무드 립펜슬 0.8g 26종 (단품/기획),https://www.oliveyoung.co.kr/store/goods/getGoodsDetail.do?goodsNo=A000000174066&dispCatNo=100000100020006&t_page=카테고리관&t_click=립메이크업_전체__상품상세&t_number=16
립메이크업,무지개맨션,[단독컬러] 무지개맨션 오브제 리퀴드 틴트,https://www.oliveyoung.co.kr/store/goods/getGoodsDetail.do?goodsNo=A000000169711&dispCatNo=100000100020006&t_page=카테고리관&t_click=립메이크업_전체__상품상세&t_number=17
립메이크업,헤라,[NEW 컬러 출시] 헤라 센슈얼 누드 글로스 5g 13 Colors 기획/단품,https://www.oliveyoung.co.kr/store/goods/getGoodsDetail.do?goodsNo=A000000177984&dispCatNo=100000100020006&t_page=카테고리관&t_click=립메이크업_전체__상품상세&t_number=18
립메이크업,클리오,[단독기획] 클리오 크리스탈 글램 틴트 단품/기획 (+치크 미니 증정),https://www.oliveyoung.co.kr/store/goods/getGoodsDetail.do?goodsNo=A000000185265&dispCatNo=100000100020006&t_page=카테고리관&t_click=립메이크업_전체__상품상세&t_number=19
립메이크업,웨이크메이크,[NEW/미니틴트 기획] 웨이크메이크 볼드 립 블러 틴트 15COLOR,https://www.oliveyoung.co.kr/store/goods/getGoodsDetail.do?goodsNo=A000000258196&dispCatNo=100000100020006&t_page=카테고리관&t_click=립메이크업_전체__상품상세&t_number=20
립메이크업,클리오,[6월 올영픽/단종부활템 증정] 클리오 벨벳 립 펜슬 단품/기획 (+단종부활템 미니 립펜슬 증정),https://www.oliveyoung.co.kr/store/goods/getGoodsDetail.do?goodsNo=A000000189033&dispCatNo=100000100020006&t_page=카테고리관&t_click=립메이크업_전체__상품상세&t_number=21
립메이크업,3CE,[6월올영픽/키링증정기획][OY단독컬러] 3CE 구미 오일 틴트 4g 기획/단품,https://www.oliveyoung.co.kr/store/goods/getGoodsDetail.do?goodsNo=A000000251569&dispCatNo=100000100020006&t_page=카테고리관&t_click=립메이크업_전체__상품상세&t_number=22
립메이크업,삐아,[한정기획/쫀쫀탱글 시럽광] 삐아 오버 글레이즈 18종 (기획/단품),https://www.oliveyoung.co.kr/store/goods/getGoodsDetail.do?goodsNo=A000000225046&dispCatNo=100000100020006&t_page=카테고리관&t_click=립메이크업_전체__상품상세&t_number=23
립메이크업,라네즈,[미니 립 마스크 3ea 증정] 라네즈 립 슬리핑 마스크 20g 7종(단품/기획),https://www.oliveyoung.co.kr/store/goods/getGoodsDetail.do?goodsNo=A000000156111&dispCatNo=100000100020006&t_page=카테고리관&t_click=립메이크업_전체__상품상세&t_number=24
립메이크업,오아드,[올영단독컬러/NEW/슬기PICK]오아드 슬레인 파우더믹싱 워터틴트 8 colors,https://www.oliveyoung.co.kr/store/goods/getGoodsDetail.do?goodsNo=A000000247641&dispCatNo=100000100020006&t_page=카테고리관&t_click=립메이크업_전체__상품상세&t_number=25
립메이크업,브레이,[누적100만/회식틴트] 브레이 씬 글로우 틴트 8종,https://www.oliveyoung.co.kr/store/goods/getGoodsDetail.do?goodsNo=A000000211068&dispCatNo=100000100020006&t_page=카테고리관&t_click=립메이크업_전체__상품상세&t_number=26
립메이크업,3CE,[아이돌쌩얼립] 3CE 샤인 리플렉터 1.7g,https://www.oliveyoung.co.kr/store/goods/getGoodsDetail.do?goodsNo=A000000197341&dispCatNo=100000100020006&t_page=카테고리관&t_click=립메이크업_전체__상품상세&t_number=27
립메이크업,릴리바이레드,[리뉴얼선런칭/단독기획] 릴리바이레드 쥬시 라이어 워터 틴트 8종,https://www.oliveyoung.co.kr/store/goods/getGoodsDetail.do?goodsNo=A000000257710&dispCatNo=100000100020006&t_page=카테고리관&t_click=립메이크업_전체__상품상세&t_number=28
립메이크업,리스키,[NEW] 리스키 비 볼드 립 글로스 19Colors,https://www.oliveyoung.co.kr/store/goods/getGoodsDetail.do?goodsNo=A000000233115&dispCatNo=100000100020006&t_page=카테고리관&t_click=립메이크업_전체__상품상세&t_number=29
립메이크업,아떼,[6월올영픽/폼폼푸린 콜라보] 아떼 어센틱 립 글로이 밤 기획/단품,https://www.oliveyoung.co.kr/store/goods/getGoodsDetail.do?goodsNo=A000000223349&dispCatNo=100000100020006&t_page=카테고리관&t_click=립메이크업_전체__상품상세&t_number=30
립메이크업,페리페라,[6월 올영픽/+미출시 미니증정] 페리페라 NEW 무드 블러 밤 스틱 3.5g (단품/기획),https://www.oliveyoung.co.kr/store/goods/getGoodsDetail.do?goodsNo=A000000257079&dispCatNo=100000100020006&t_page=카테고리관&t_click=립메이크업_전체__상품상세&t_number=31
립메이크업,클리오,[6월 올영픽/단종컬러부활] 클리오 볼륨메이트 블러 틴트/글로스  (+단종부활템 미니 틴트 증정),https://www.oliveyoung.co.kr/store/goods/getGoodsDetail.do?goodsNo=A000000224939&dispCatNo=100000100020006&t_page=카테고리관&t_click=립메이크업_전체__상품상세&t_number=32
립메이크업,투쿨포스쿨,투쿨포스쿨 스웨이 립 벨벳 (기획/단품),https://www.oliveyoung.co.kr/store/goods/getGoodsDetail.do?goodsNo=A000000232145&dispCatNo=100000100020006&t_page=카테고리관&t_click=립메이크업_전체__상품상세&t_number=33
립메이크업,컬러그램,[포켓몬 에디션/메탈참 증정/NEW]컬러그램 누디 블러 스틱 11COLOR,https://www.oliveyoung.co.kr/store/goods/getGoodsDetail.do?goodsNo=A000000252785&dispCatNo=100000100020006&t_page=카테고리관&t_click=립메이크업_전체__상품상세&t_number=34
립메이크업,데이지크,[6월 올영픽/폴리포켓 콜라보] 데이지크 수플레 컬러 팟 24 colors (단품/기획),https://www.oliveyoung.co.kr/store/goods/getGoodsDetail.do?goodsNo=A000000210162&dispCatNo=100000100020006&t_page=카테고리관&t_click=립메이크업_전체__상품상세&t_number=35
립메이크업,얼터너티브스테레오,얼터너티브스테레오 립 포션 슈가 글레이즈 틴트 8ml,https://www.oliveyoung.co.kr/store/goods/getGoodsDetail.do?goodsNo=A000000211723&dispCatNo=100000100020006&t_page=카테고리관&t_click=립메이크업_전체__상품상세&t_number=36
립메이크업,에스쁘아,[*1등 글로우립] 에스쁘아 노웨어 립스틱 바밍 글로우 3g 17 colors,https://www.oliveyoung.co.kr/store/goods/getGoodsDetail.do?goodsNo=A000000199684&dispCatNo=100000100020006&t_page=카테고리관&t_click=립메이크업_전체__상품상세&t_number=37
립메이크업,유리아쥬,유리아쥬 스틱레브르 오리지널 2입 기획,https://www.oliveyoung.co.kr/store/goods/getGoodsDetail.do?goodsNo=A000000253405&dispCatNo=100000100020006&t_page=카테고리관&t_click=립메이크업_전체__상품상세&t_number=38
립메이크업,웨이크메이크,[립펜슬 기획] 웨이크메이크 헬시 글로우 밤 스틱,https://www.oliveyoung.co.kr/store/goods/getGoodsDetail.do?goodsNo=A000000226241&dispCatNo=100000100020006&t_page=카테고리관&t_click=립메이크업_전체__상품상세&t_number=39
립메이크업,바닐라코,바닐라코 스머징 립 펜슬 0.8g 9종,https://www.oliveyoung.co.kr/store/goods/getGoodsDetail.do?goodsNo=A000000180569&dispCatNo=100000100020006&t_page=카테고리관&t_click=립메이크업_전체__상품상세&t_number=40
립메이크업,에뛰드,[6월 올영픽/조효진 공동개발] 에뛰드 진저슈가 립 세럼 (기획/단품),https://www.oliveyoung.co.kr/store/goods/getGoodsDetail.do?goodsNo=A000000235915&dispCatNo=100000100020006&t_page=카테고리관&t_click=립메이크업_전체__상품상세&t_number=41
립메이크업,얼터너티브스테레오,[NEW초여름 컬러/6월 올영픽] 얼터너티브스테레오 립 포션 허니 티 스테인 5ml,https://www.oliveyoung.co.kr/store/goods/getGoodsDetail.do?goodsNo=A000000256116&dispCatNo=100000100020006&t_page=카테고리관&t_click=립메이크업_전체__상품상세&t_number=42
립메이크업,라카,[미니틴트본품증정] 라카 프루티 글램 틴트 4.5g (단품/기획),https://www.oliveyoung.co.kr/store/goods/getGoodsDetail.do?goodsNo=A000000164559&dispCatNo=100000100020006&t_page=카테고리관&t_click=립메이크업_전체__상품상세&t_number=43
립메이크업,디어달리아,[안효섭PICK/물먹글로우] 디어달리아 드레시 글로우 틴트,https://www.oliveyoung.co.kr/store/goods/getGoodsDetail.do?goodsNo=A000000249613&dispCatNo=100000100020006&t_page=카테고리관&t_click=립메이크업_전체__상품상세&t_number=44
립메이크업,오아드,[올영단독컬러/슬기PICK] 오아드 립티크 13종 단품/기획,https://www.oliveyoung.co.kr/store/goods/getGoodsDetail.do?goodsNo=A000000240910&dispCatNo=100000100020006&t_page=카테고리관&t_click=립메이크업_전체__상품상세&t_number=45
립메이크업,릴리바이레드,[미출시컬러 증정] 릴리바이레드 앙큼 라이어 코팅 틴트 (26AD) 14종 (단품/기획),https://www.oliveyoung.co.kr/store/goods/getGoodsDetail.do?goodsNo=A000000251137&dispCatNo=100000100020006&t_page=카테고리관&t_click=립메이크업_전체__상품상세&t_number=46
립메이크업,컬러그램,[포켓몬 에디션] 컬러그램 메타몽 에디션 20종 골라담기,https://www.oliveyoung.co.kr/store/goods/getGoodsDetail.do?goodsNo=A000000253833&dispCatNo=100000100020006&t_page=카테고리관&t_click=립메이크업_전체__상품상세&t_number=47
립메이크업,3CE,[지속력끝판왕] 3CE 레이지 팝 립 스테인 4.5g 9종,https://www.oliveyoung.co.kr/store/goods/getGoodsDetail.do?goodsNo=A000000207056&dispCatNo=100000100020006&t_page=카테고리관&t_click=립메이크업_전체__상품상세&t_number=48
베이스메이크업,VDL,[6월올영픽/24시간커버/블러밤&퍼프 증정/NEW레몬패키지] VDL 커버 스테인 퍼펙팅 쿠션 기획 (본품+리필),https://www.oliveyoung.co.kr/store/goods/getGoodsDetail.do?goodsNo=A000000185903&dispCatNo=100000100020001&t_page=카테고리관&t_click=베이스메이크업_전체__상품상세&t_number=1
베이스메이크업,정샘물,[맑은윤광쿠션/3년연속1위] 정샘물 에센셜 스킨 누더 쿠션/본품+리필,https://www.oliveyoung.co.kr/store/goods/getGoodsDetail.do?goodsNo=A000000139063&dispCatNo=100000100020001&t_page=카테고리관&t_click=베이스메이크업_전체__상품상세&t_number=2
베이스메이크업,헤라,[프리미엄 1위] 헤라 블랙 쿠션 파운데이션 기획 (15g+15g) 9 Colors,https://www.oliveyoung.co.kr/store/goods/getGoodsDetail.do?goodsNo=A000000202777&dispCatNo=100000100020001&t_page=카테고리관&t_click=베이스메이크업_전체__상품상세&t_number=3
베이스메이크업,연작,[6월올영픽/벨벳증정기획] 연작 스킨 퍼펙팅 프로텍티브 베이스 프렙 25ml/40ml 기획/단품,https://www.oliveyoung.co.kr/store/goods/getGoodsDetail.do?goodsNo=A000000213943&dispCatNo=100000100020001&t_page=카테고리관&t_click=베이스메이크업_전체__상품상세&t_number=4
베이스메이크업,프레시안,[1등품절템/6월올영픽/웜쿨대통합] 프레시안 에그라이크 크림 블러쉬 (단독 기획),https://www.oliveyoung.co.kr/store/goods/getGoodsDetail.do?goodsNo=A000000212749&dispCatNo=100000100020001&t_page=카테고리관&t_click=베이스메이크업_전체__상품상세&t_number=5
베이스메이크업,퓌,[NEW 바닐라에디션/6월올영픽] 퓌 립앤치크 블러리 푸딩팟 5g 단품/기획 (+푸딩 브러쉬),https://www.oliveyoung.co.kr/store/goods/getGoodsDetail.do?goodsNo=A000000246446&dispCatNo=100000100020001&t_page=카테고리관&t_click=베이스메이크업_전체__상품상세&t_number=6
베이스메이크업,오프라 코스메틱,[6월 올영픽/아이돌찐템] 오프라 미니 하이라이터 (+기획/단품),https://www.oliveyoung.co.kr/store/goods/getGoodsDetail.do?goodsNo=A000000238740&dispCatNo=100000100020001&t_page=카테고리관&t_click=베이스메이크업_전체__상품상세&t_number=7
베이스메이크업,VDL,[6월올영픽/24시간초밀착/파우더&퍼프 증정/NEW컬러] VDL 커버 스테인 퍼펙팅 파운데이션 30ml,https://www.oliveyoung.co.kr/store/goods/getGoodsDetail.do?goodsNo=A000000178635&dispCatNo=100000100020001&t_page=카테고리관&t_click=베이스메이크업_전체__상품상세&t_number=8
베이스메이크업,VDL,[6월올영픽/품절대란템 귀환/퍼프2개증정] VDL 치크스테인 블러셔/블러셔 듀오 6g,https://www.oliveyoung.co.kr/store/goods/getGoodsDetail.do?goodsNo=A000000184299&dispCatNo=100000100020001&t_page=카테고리관&t_click=베이스메이크업_전체__상품상세&t_number=9
베이스메이크업,VDL,[6월올영픽/노란기순삭/퍼프2개증정] VDL 톤 스테인 컬러 코렉팅 프라이머 30ml,https://www.oliveyoung.co.kr/store/goods/getGoodsDetail.do?goodsNo=A000000205908&dispCatNo=100000100020001&t_page=카테고리관&t_click=베이스메이크업_전체__상품상세&t_number=10
베이스메이크업,퓌,[6월 올영픽/쉐딩스틱증정] 퓌 올데이 커버 블랙 쿠션 리필기획(본품+리필) 5종,https://www.oliveyoung.co.kr/store/goods/getGoodsDetail.do?goodsNo=A000000253122&dispCatNo=100000100020001&t_page=카테고리관&t_click=베이스메이크업_전체__상품상세&t_number=11
베이스메이크업,에스쁘아,[100시간 지속/고커버] 에스쁘아 비벨벳 커버쿠션 SPF42 PA++ 본품+리필,https://www.oliveyoung.co.kr/store/goods/getGoodsDetail.do?goodsNo=A000000184222&dispCatNo=100000100020001&t_page=카테고리관&t_click=베이스메이크업_전체__상품상세&t_number=12
베이스메이크업,터치인솔,터치인솔 쿨웨어 매트 쿠션 20g 3colors,https://www.oliveyoung.co.kr/store/goods/getGoodsDetail.do?goodsNo=A000000258465&dispCatNo=100000100020001&t_page=카테고리관&t_click=베이스메이크업_전체__상품상세&t_number=13
베이스메이크업,바닐라코,[1등 파우더] 바닐라코 프라임 프라이머 피니쉬 파우더 12g,https://www.oliveyoung.co.kr/store/goods/getGoodsDetail.do?goodsNo=A000000253093&dispCatNo=100000100020001&t_page=카테고리관&t_click=베이스메이크업_전체__상품상세&t_number=14
베이스메이크업,비디비치,[단독특가/블러시증정기획] 비디비치 블랙 퍼펙션 커버 핏 쿠션 기획,https://www.oliveyoung.co.kr/store/goods/getGoodsDetail.do?goodsNo=A000000233171&dispCatNo=100000100020001&t_page=카테고리관&t_click=베이스메이크업_전체__상품상세&t_number=15
베이스메이크업,더샘,[베이스1위/브라이트너 증정 기획] 더샘 커버 퍼펙션 트리플 팟 컨실러 6colors(단품/기획),https://www.oliveyoung.co.kr/store/goods/getGoodsDetail.do?goodsNo=A000000238763&dispCatNo=100000100020001&t_page=카테고리관&t_click=베이스메이크업_전체__상품상세&t_number=16
베이스메이크업,롬앤,[NEW] 롬앤 베러 댄 컨투어,https://www.oliveyoung.co.kr/store/goods/getGoodsDetail.do?goodsNo=A000000201055&dispCatNo=100000100020001&t_page=카테고리관&t_click=베이스메이크업_전체__상품상세&t_number=17
베이스메이크업,정샘물,[결촘핏쿠션] 정샘물 프로래스팅 결핏 메쉬 쿠션(단품/기획) SPF50+ PA++++,https://www.oliveyoung.co.kr/store/goods/getGoodsDetail.do?goodsNo=A000000225859&dispCatNo=100000100020001&t_page=카테고리관&t_click=베이스메이크업_전체__상품상세&t_number=18
베이스메이크업,에이프릴스킨,[컨실러커버/아이돌윤광] 에이프릴스킨 매직스노우쿠션4.0 (본품+리필),https://www.oliveyoung.co.kr/store/goods/getGoodsDetail.do?goodsNo=A000000254393&dispCatNo=100000100020001&t_page=카테고리관&t_click=베이스메이크업_전체__상품상세&t_number=19
베이스메이크업,어바웃톤,[모공블러팩트] 어바웃톤 블러 파우더 팩트 9g 7COLOR,https://www.oliveyoung.co.kr/store/goods/getGoodsDetail.do?goodsNo=A000000238601&dispCatNo=100000100020001&t_page=카테고리관&t_click=베이스메이크업_전체__상품상세&t_number=20
베이스메이크업,투슬래시포,[NEW/이사배브랜드] 투슬래시포 올 오버 페이스 블러쉬 기획/단품,https://www.oliveyoung.co.kr/store/goods/getGoodsDetail.do?goodsNo=A000000227705&dispCatNo=100000100020001&t_page=카테고리관&t_click=베이스메이크업_전체__상품상세&t_number=21
베이스메이크업,릴리바이레드,[속광치크] 릴리바이레드 러브빔 치크밤 16종,https://www.oliveyoung.co.kr/store/goods/getGoodsDetail.do?goodsNo=A000000137964&dispCatNo=100000100020001&t_page=카테고리관&t_click=베이스메이크업_전체__상품상세&t_number=22
베이스메이크업,롬앤,[NEW두유코어] 롬앤 베러 댄 치크,https://www.oliveyoung.co.kr/store/goods/getGoodsDetail.do?goodsNo=A000000172610&dispCatNo=100000100020001&t_page=카테고리관&t_click=베이스메이크업_전체__상품상세&t_number=23
베이스메이크업,페리페라,[6월 올영픽/NEW-컬러] 페리페라 맑게 물든 선샤인 치크,https://www.oliveyoung.co.kr/store/goods/getGoodsDetail.do?goodsNo=A000000140263&dispCatNo=100000100020001&t_page=카테고리관&t_click=베이스메이크업_전체__상품상세&t_number=24
베이스메이크업,클리오,[6월 올영픽] 클리오 킬 커버 파운웨어 쿠션,https://www.oliveyoung.co.kr/store/goods/getGoodsDetail.do?goodsNo=A000000232098&dispCatNo=100000100020001&t_page=카테고리관&t_click=베이스메이크업_전체__상품상세&t_number=25
베이스메이크업,오브제,[1등/보송 젤파우더] 오브제 오일 컨트롤 피니셔 5g,https://www.oliveyoung.co.kr/store/goods/getGoodsDetail.do?goodsNo=A000000246600&dispCatNo=100000100020001&t_page=카테고리관&t_click=베이스메이크업_전체__상품상세&t_number=26
베이스메이크업,에스쁘아,[1등 더마 BB 크림] 에스쁘아 더마커버 블레미쉬 밤 40g 2colors SPF 50 PA++++,https://www.oliveyoung.co.kr/store/goods/getGoodsDetail.do?goodsNo=A000000253243&dispCatNo=100000100020001&t_page=카테고리관&t_click=베이스메이크업_전체__상품상세&t_number=27
베이스메이크업,쏘내추럴,쏘내추럴 올 데이 타이트 메이크업 세팅 픽서 120ml,https://www.oliveyoung.co.kr/store/goods/getGoodsDetail.do?goodsNo=A000000138762&dispCatNo=100000100020001&t_page=카테고리관&t_click=베이스메이크업_전체__상품상세&t_number=28
베이스메이크업,디어에이,[NEW/리뉴얼 출시/퍼프단독기획] 디어에이 봉봉 글로우 치크 13종,https://www.oliveyoung.co.kr/store/goods/getGoodsDetail.do?goodsNo=A000000251518&dispCatNo=100000100020001&t_page=카테고리관&t_click=베이스메이크업_전체__상품상세&t_number=29
베이스메이크업,데이지크,[6월 올영픽/폴리포켓 콜라보] 데이지크 리틀 블러쉬 팔레트 3 colors (단품/기획),https://www.oliveyoung.co.kr/store/goods/getGoodsDetail.do?goodsNo=A000000256027&dispCatNo=100000100020001&t_page=카테고리관&t_click=베이스메이크업_전체__상품상세&t_number=30
베이스메이크업,투쿨포스쿨,투쿨포스쿨 바이로댕 쉐이딩,https://www.oliveyoung.co.kr/store/goods/getGoodsDetail.do?goodsNo=A000000145650&dispCatNo=100000100020001&t_page=카테고리관&t_click=베이스메이크업_전체__상품상세&t_number=31
베이스메이크업,터치인솔,터치인솔 글로우 에어 쿠션 12g 3colors,https://www.oliveyoung.co.kr/store/goods/getGoodsDetail.do?goodsNo=A000000258448&dispCatNo=100000100020001&t_page=카테고리관&t_click=베이스메이크업_전체__상품상세&t_number=32
베이스메이크업,더샘,"[누적판매 5,800만개/국민컨실러] 더샘 커버 퍼펙션 팁컨실러 9.5g 7colors",https://www.oliveyoung.co.kr/store/goods/getGoodsDetail.do?goodsNo=A000000155982&dispCatNo=100000100020001&t_page=카테고리관&t_click=베이스메이크업_전체__상품상세&t_number=33
베이스메이크업,오브제,[NEW 보송버전 출시] [덱스PICK] 오브제 내추럴 커버 로션 50g 단품/기획(+미니어처 10ml),https://www.oliveyoung.co.kr/store/goods/getGoodsDetail.do?goodsNo=A000000204975&dispCatNo=100000100020001&t_page=카테고리관&t_click=베이스메이크업_전체__상품상세&t_number=34
베이스메이크업,터치인솔,[초밀착파데] 터치인솔 레이어웨어 파운데이션 30g 5colors,https://www.oliveyoung.co.kr/store/goods/getGoodsDetail.do?goodsNo=A000000257786&dispCatNo=100000100020001&t_page=카테고리관&t_click=베이스메이크업_전체__상품상세&t_number=35
베이스메이크업,쏘내추럴,쏘내추럴 올 데이 타이트 메이크업 세팅 픽서 75ml,https://www.oliveyoung.co.kr/store/goods/getGoodsDetail.do?goodsNo=A000000122275&dispCatNo=100000100020001&t_page=카테고리관&t_click=베이스메이크업_전체__상품상세&t_number=36
베이스메이크업,어바웃톤,[밀착커버베이스] 어바웃톤 스킨 레이어 핏 파운데이션 30ml 8종,https://www.oliveyoung.co.kr/store/goods/getGoodsDetail.do?goodsNo=A000000211936&dispCatNo=100000100020001&t_page=카테고리관&t_click=베이스메이크업_전체__상품상세&t_number=37
베이스메이크업,바닐라코,[리뉴얼] 바닐라코 얼티밋 화이트 쿠션 기획(본품+리필+세럼),https://www.oliveyoung.co.kr/store/goods/getGoodsDetail.do?goodsNo=A000000248671&dispCatNo=100000100020001&t_page=카테고리관&t_click=베이스메이크업_전체__상품상세&t_number=38
베이스메이크업,디어달리아,[쫀촉물광/리페어비비] 데일리 디펜스 PDRN BB크림 (+20ml 추가증정),https://www.oliveyoung.co.kr/store/goods/getGoodsDetail.do?goodsNo=A000000233123&dispCatNo=100000100020001&t_page=카테고리관&t_click=베이스메이크업_전체__상품상세&t_number=39
베이스메이크업,코스노리,[즉각톤업/원조톤업크림] 코스노리 화이트닝 드레스 톤업크림 50ml,https://www.oliveyoung.co.kr/store/goods/getGoodsDetail.do?goodsNo=A000000017135&dispCatNo=100000100020001&t_page=카테고리관&t_click=베이스메이크업_전체__상품상세&t_number=40
베이스메이크업,에뛰드,[6월 올영픽 기획] NEW 에뛰드 그림자 쉐딩 올영세일 기획 (듀얼 브러쉬 증정),https://www.oliveyoung.co.kr/store/goods/getGoodsDetail.do?goodsNo=A000000201297&dispCatNo=100000100020001&t_page=카테고리관&t_click=베이스메이크업_전체__상품상세&t_number=41
베이스메이크업,네이밍,[품절대란/단종템부활] 네이밍 플러피 파우더 블러쉬,https://www.oliveyoung.co.kr/store/goods/getGoodsDetail.do?goodsNo=A000000171371&dispCatNo=100000100020001&t_page=카테고리관&t_click=베이스메이크업_전체__상품상세&t_number=42
베이스메이크업,어반디케이,[리뉴얼] 어반디케이 올나이터 메이크업 세팅 픽서 118ml 3종 택 1,https://www.oliveyoung.co.kr/store/goods/getGoodsDetail.do?goodsNo=A000000250243&dispCatNo=100000100020001&t_page=카테고리관&t_click=베이스메이크업_전체__상품상세&t_number=43
베이스메이크업,디어달리아,[6월 올영픽/따옴콜라보] 페탈 드롭 리퀴드 블러쉬 (+과일스퀴시 증정),https://www.oliveyoung.co.kr/store/goods/getGoodsDetail.do?goodsNo=A000000238828&dispCatNo=100000100020001&t_page=카테고리관&t_click=베이스메이크업_전체__상품상세&t_number=44
베이스메이크업,터치인솔,[블랙웨어] 터치인솔 스킨 커버 쿠션 20g 3colors,https://www.oliveyoung.co.kr/store/goods/getGoodsDetail.do?goodsNo=A000000257790&dispCatNo=100000100020001&t_page=카테고리관&t_click=베이스메이크업_전체__상품상세&t_number=45
베이스메이크업,네이밍,[수부지쿠션1등] 네이밍 레이어드 핏 쿠션 기획(본품+리필+치크밤미니),https://www.oliveyoung.co.kr/store/goods/getGoodsDetail.do?goodsNo=A000000175954&dispCatNo=100000100020001&t_page=카테고리관&t_click=베이스메이크업_전체__상품상세&t_number=46
베이스메이크업,페리페라,[6월 올영픽/모공 고민별 3-TYPE] 페리페라 NEW 포어리스 프라이머 팟,https://www.oliveyoung.co.kr/store/goods/getGoodsDetail.do?goodsNo=A000000255372&dispCatNo=100000100020001&t_page=카테고리관&t_click=베이스메이크업_전체__상품상세&t_number=47
베이스메이크업,루나,[24시간커버지속/올리브영 6년연속 1등] 루나 롱래스팅 팁 컨실러 EX 20colors,https://www.oliveyoung.co.kr/store/goods/getGoodsDetail.do?goodsNo=A000000012239&dispCatNo=100000100020001&t_page=카테고리관&t_click=베이스메이크업_전체__상품상세&t_number=48
아이메이크업,페리페라,[6월 올영픽] 페리페라 스피디 스키니 브로우 8 Colors (단품/더블),https://www.oliveyoung.co.kr/store/goods/getGoodsDetail.do?goodsNo=A000000138671&dispCatNo=100000100020007&t_page=카테고리관&t_click=아이메이크업_전체__상품상세&t_number=1
아이메이크업,홀리카홀리카,[NEW젤테일] 홀리카홀리카 마이페이브 피스 아이섀도우/젤테일/피스 빔/피스 밤,https://www.oliveyoung.co.kr/store/goods/getGoodsDetail.do?goodsNo=A000000174309&dispCatNo=100000100020007&t_page=카테고리관&t_click=아이메이크업_전체__상품상세&t_number=2
아이메이크업,클리오,[6월 올영픽/단종환생템] 클리오 프로 아이 팔레트 에어 단품/기획 (+베이비 코숏 토퍼 증정),https://www.oliveyoung.co.kr/store/goods/getGoodsDetail.do?goodsNo=A000000188988&dispCatNo=100000100020007&t_page=카테고리관&t_click=아이메이크업_전체__상품상세&t_number=3
아이메이크업,페리페라,[6월 올영픽/NEW-컬러] 페리페라 스피디 스키니 브로우 마스카라 10 Colors,https://www.oliveyoung.co.kr/store/goods/getGoodsDetail.do?goodsNo=A000000167236&dispCatNo=100000100020007&t_page=카테고리관&t_click=아이메이크업_전체__상품상세&t_number=4
아이메이크업,코스노리,[1등속눈썹영양제/포켓몬에디션] 코스노리 아이래쉬 세럼 속눈썹영양제 9g (클리어/블랙),https://www.oliveyoung.co.kr/store/goods/getGoodsDetail.do?goodsNo=A000000140618&dispCatNo=100000100020007&t_page=카테고리관&t_click=아이메이크업_전체__상품상세&t_number=5
아이메이크업,투쿨포스쿨,투쿨포스쿨 스머징 트임 라이너,https://www.oliveyoung.co.kr/store/goods/getGoodsDetail.do?goodsNo=A000000199182&dispCatNo=100000100020007&t_page=카테고리관&t_click=아이메이크업_전체__상품상세&t_number=6
아이메이크업,클리오,[NO.1 아이라이너] 클리오 샤프 쏘 심플 워터프루프 펜슬라이너 단품/더블기획,https://www.oliveyoung.co.kr/store/goods/getGoodsDetail.do?goodsNo=A000000198343&dispCatNo=100000100020007&t_page=카테고리관&t_click=아이메이크업_전체__상품상세&t_number=7
아이메이크업,코스노리,[6월올영픽/NEW컬러] 코스노리 이지 브로우 체인저 5회분 (톤 체인저 / 무드 체인저),https://www.oliveyoung.co.kr/store/goods/getGoodsDetail.do?goodsNo=A000000226517&dispCatNo=100000100020007&t_page=카테고리관&t_click=아이메이크업_전체__상품상세&t_number=8
아이메이크업,웨이크메이크,[1+1기획] 웨이크메이크 철벽 펜 아이라이너 3COLOR,https://www.oliveyoung.co.kr/store/goods/getGoodsDetail.do?goodsNo=A000000136300&dispCatNo=100000100020007&t_page=카테고리관&t_click=아이메이크업_전체__상품상세&t_number=9
아이메이크업,홀리카홀리카,[NEW한정기획] 홀리카홀리카 마이페이브 무드 아이 팔레트,https://www.oliveyoung.co.kr/store/goods/getGoodsDetail.do?goodsNo=A000000150361&dispCatNo=100000100020007&t_page=카테고리관&t_click=아이메이크업_전체__상품상세&t_number=10
아이메이크업,롬앤,[NEW두유코어] 롬앤 베러 댄 팔레트,https://www.oliveyoung.co.kr/store/goods/getGoodsDetail.do?goodsNo=A000000148390&dispCatNo=100000100020007&t_page=카테고리관&t_click=아이메이크업_전체__상품상세&t_number=11
아이메이크업,웨이크메이크,[NEW/크림블러셔 기획] 웨이크메이크 소프트 블러링 아이팔레트(단품/기획),https://www.oliveyoung.co.kr/store/goods/getGoodsDetail.do?goodsNo=A000000180532&dispCatNo=100000100020007&t_page=카테고리관&t_click=아이메이크업_전체__상품상세&t_number=12
아이메이크업,뮤드,[NEW컬러] 뮤드 인스파이어 스키니 브로우 카라 10종 (단품/기획),https://www.oliveyoung.co.kr/store/goods/getGoodsDetail.do?goodsNo=A000000213046&dispCatNo=100000100020007&t_page=카테고리관&t_click=아이메이크업_전체__상품상세&t_number=13
아이메이크업,에뛰드,[1등컬링] 에뛰드 컬 픽스 마스카라 단품/기획(증정/1+1),https://www.oliveyoung.co.kr/store/goods/getGoodsDetail.do?goodsNo=A000000203943&dispCatNo=100000100020007&t_page=카테고리관&t_click=아이메이크업_전체__상품상세&t_number=14
아이메이크업,투크,[NEW컬러/미출시 틴트 미니 증정 기획] 투크 워터프루프 슬림 아이라이너 15 colors,https://www.oliveyoung.co.kr/store/goods/getGoodsDetail.do?goodsNo=A000000185046&dispCatNo=100000100020007&t_page=카테고리관&t_click=아이메이크업_전체__상품상세&t_number=15
아이메이크업,데이지크,[6월 올영픽/폴리포켓 콜라보] 데이지크 리틀 섀도우 팔레트 3 colors (단품/기획),https://www.oliveyoung.co.kr/store/goods/getGoodsDetail.do?goodsNo=A000000256028&dispCatNo=100000100020007&t_page=카테고리관&t_click=아이메이크업_전체__상품상세&t_number=16
아이메이크업,투쿨포스쿨,투쿨포스쿨 프로타주 펜슬 (기획/단품),https://www.oliveyoung.co.kr/store/goods/getGoodsDetail.do?goodsNo=A000000120656&dispCatNo=100000100020007&t_page=카테고리관&t_click=아이메이크업_전체__상품상세&t_number=17
아이메이크업,에스쁘아,[6월 NEW/한정기획] 에스쁘아 더브로우 (밸런스 펜슬 / 컬러 픽싱 카라) 20colors,https://www.oliveyoung.co.kr/store/goods/getGoodsDetail.do?goodsNo=A000000165912&dispCatNo=100000100020007&t_page=카테고리관&t_click=아이메이크업_전체__상품상세&t_number=18
아이메이크업,키스미,[특가/1등 라이너] 키스미 스무스 리퀴드 아이라이너 N (3 color),https://www.oliveyoung.co.kr/store/goods/getGoodsDetail.do?goodsNo=A000000185974&dispCatNo=100000100020007&t_page=카테고리관&t_click=아이메이크업_전체__상품상세&t_number=19
아이메이크업,뮤드,[NEW] 뮤드 스키니컬링/멀티픽서 마스카라 (단품/ 1+1 기획),https://www.oliveyoung.co.kr/store/goods/getGoodsDetail.do?goodsNo=A000000182700&dispCatNo=100000100020007&t_page=카테고리관&t_click=아이메이크업_전체__상품상세&t_number=20
아이메이크업,클리오,[6월 올영픽/단종부활템 증정] 클리오 킬 래쉬 수퍼프루프 마스카라 1+1기획 (+미니 속눈썹 영양제 증정),https://www.oliveyoung.co.kr/store/goods/getGoodsDetail.do?goodsNo=A000000121749&dispCatNo=100000100020007&t_page=카테고리관&t_click=아이메이크업_전체__상품상세&t_number=21
아이메이크업,클리오,[단독기획] 클리오 킬브로우 오토하드브로우 펜슬 단품/기획 (+브로우 파우더 본품 증정),https://www.oliveyoung.co.kr/store/goods/getGoodsDetail.do?goodsNo=A000000204946&dispCatNo=100000100020007&t_page=카테고리관&t_click=아이메이크업_전체__상품상세&t_number=22
아이메이크업,컬러그램,[꼬막눈 확장/듀오기획]컬러그램 음영 창조 라이너 10COLOR (기획/단품),https://www.oliveyoung.co.kr/store/goods/getGoodsDetail.do?goodsNo=A000000162103&dispCatNo=100000100020007&t_page=카테고리관&t_click=아이메이크업_전체__상품상세&t_number=23
아이메이크업,클리오,[미니리무버 증정기획] 클리오 수퍼프루프 브러쉬 라이너 기획,https://www.oliveyoung.co.kr/store/goods/getGoodsDetail.do?goodsNo=A000000159354&dispCatNo=100000100020007&t_page=카테고리관&t_click=아이메이크업_전체__상품상세&t_number=24
아이메이크업,바닐라코,[브러쉬 내장] 바닐라코 무드 온 라인 앤 블렌드 아이라이너 (펜슬/트임) 8colors,https://www.oliveyoung.co.kr/store/goods/getGoodsDetail.do?goodsNo=A000000226202&dispCatNo=100000100020007&t_page=카테고리관&t_click=아이메이크업_전체__상품상세&t_number=25
아이메이크업,페리페라,[6월 올영픽/+라이너 정품증정] 페리페라 올테이크 무드 팔레트 (단품/기획),https://www.oliveyoung.co.kr/store/goods/getGoodsDetail.do?goodsNo=A000000204450&dispCatNo=100000100020007&t_page=카테고리관&t_click=아이메이크업_전체__상품상세&t_number=26
아이메이크업,클리오,[1+1] 클리오 샤프 쏘 심플 워터프루프 펜슬라이너 더블 기획,https://www.oliveyoung.co.kr/store/goods/getGoodsDetail.do?goodsNo=A000000205881&dispCatNo=100000100020007&t_page=카테고리관&t_click=아이메이크업_전체__상품상세&t_number=27
아이메이크업,코스노리,[1+1기획] 코스노리 슈퍼프루프 피팅 비건 젤 아이라이너 펜슬 9 colors (단품/기획),https://www.oliveyoung.co.kr/store/goods/getGoodsDetail.do?goodsNo=A000000155251&dispCatNo=100000100020007&t_page=카테고리관&t_click=아이메이크업_전체__상품상세&t_number=28
아이메이크업,페리페라,[6월 올영픽/+애교살 스틱 증정] 페리페라 잉크 포켓 섀도우 팔레트 (단품),https://www.oliveyoung.co.kr/store/goods/getGoodsDetail.do?goodsNo=A000000124399&dispCatNo=100000100020007&t_page=카테고리관&t_click=아이메이크업_전체__상품상세&t_number=29
아이메이크업,웨이크메이크,[NEW/브로우픽서 증정] 웨이크메이크 내추럴 하드 브로우 펜슬 9COLOR (1+1기획),https://www.oliveyoung.co.kr/store/goods/getGoodsDetail.do?goodsNo=A000000178972&dispCatNo=100000100020007&t_page=카테고리관&t_click=아이메이크업_전체__상품상세&t_number=30
아이메이크업,에뛰드,[NEW COLOR] 에뛰드 닥터 마스카라 픽서 6g 3 colors,https://www.oliveyoung.co.kr/store/goods/getGoodsDetail.do?goodsNo=A000000185925&dispCatNo=100000100020007&t_page=카테고리관&t_click=아이메이크업_전체__상품상세&t_number=31
아이메이크업,키스미,[특가/강력픽싱/워터프루프] 키스미 스무스 리퀴드 아이라이너 슈퍼 킵(단품),https://www.oliveyoung.co.kr/store/goods/getGoodsDetail.do?goodsNo=A000000011412&dispCatNo=100000100020007&t_page=카테고리관&t_click=아이메이크업_전체__상품상세&t_number=32
아이메이크업,네오젠,[1등품절템/한정수량/100만개 판매] 네오젠 슬림/볼륨 메탈 마스카라 (단품/기획),https://www.oliveyoung.co.kr/store/goods/getGoodsDetail.do?goodsNo=A000000208395&dispCatNo=100000100020007&t_page=카테고리관&t_click=아이메이크업_전체__상품상세&t_number=33
아이메이크업,쏘내추럴,[완벽고정] 쏘내추럴 메이크업 세팅 멀티 매직 실러 31g,https://www.oliveyoung.co.kr/store/goods/getGoodsDetail.do?goodsNo=A000000186836&dispCatNo=100000100020007&t_page=카테고리관&t_click=아이메이크업_전체__상품상세&t_number=34
아이메이크업,캔메이크,[신상출시/초슬림라이너] 캔메이크 크리미 터치 라이너 10종 택1,https://www.oliveyoung.co.kr/store/goods/getGoodsDetail.do?goodsNo=A000000232543&dispCatNo=100000100020007&t_page=카테고리관&t_click=아이메이크업_전체__상품상세&t_number=35
아이메이크업,웨이크메이크,[1+1]웨이크메이크 철벽 브러쉬 아이라이너 3COLOR(1+1 기획),https://www.oliveyoung.co.kr/store/goods/getGoodsDetail.do?goodsNo=A000000130012&dispCatNo=100000100020007&t_page=카테고리관&t_click=아이메이크업_전체__상품상세&t_number=36
아이메이크업,네이밍,[단독기획/팔방트임] 네이밍 퍼펙테일 아이 디자이닝 펜슬 슬림 라이너 단품/기획,https://www.oliveyoung.co.kr/store/goods/getGoodsDetail.do?goodsNo=A000000232694&dispCatNo=100000100020007&t_page=카테고리관&t_click=아이메이크업_전체__상품상세&t_number=37
아이메이크업,투에이엔,[NEW] 투에이엔 베러 미 아이 팔레트 22 colors (기획/단품),https://www.oliveyoung.co.kr/store/goods/getGoodsDetail.do?goodsNo=A000000200106&dispCatNo=100000100020007&t_page=카테고리관&t_click=아이메이크업_전체__상품상세&t_number=38
아이메이크업,데이지크,데이지크 미니 섀도우 팔레트 2 colors (밀크라떼/로즈밀크티),https://www.oliveyoung.co.kr/store/goods/getGoodsDetail.do?goodsNo=A000000232410&dispCatNo=100000100020007&t_page=카테고리관&t_click=아이메이크업_전체__상품상세&t_number=39
아이메이크업,컬러그램,[5초눈확장/중안부축소]컬러그램 올인원 애교살 메이커 10COLOR,https://www.oliveyoung.co.kr/store/goods/getGoodsDetail.do?goodsNo=A000000159062&dispCatNo=100000100020007&t_page=카테고리관&t_click=아이메이크업_전체__상품상세&t_number=40
아이메이크업,페리페라,[가성비 트임] 페리페라 스피디 펜슬 라이너 10 Colors,https://www.oliveyoung.co.kr/store/goods/getGoodsDetail.do?goodsNo=A000000190786&dispCatNo=100000100020007&t_page=카테고리관&t_click=아이메이크업_전체__상품상세&t_number=41
아이메이크업,어뮤즈,[애교살픽서] 어뮤즈 에버래스팅 아이 펜슬 6종,https://www.oliveyoung.co.kr/store/goods/getGoodsDetail.do?goodsNo=A000000245908&dispCatNo=100000100020007&t_page=카테고리관&t_click=아이메이크업_전체__상품상세&t_number=42
아이메이크업,코스노리,[6월올영픽/초간단셀프펌] 코스노리 이지 아이래쉬 속눈썹펌 키트 5회분 (단품/기획),https://www.oliveyoung.co.kr/store/goods/getGoodsDetail.do?goodsNo=A000000224229&dispCatNo=100000100020007&t_page=카테고리관&t_click=아이메이크업_전체__상품상세&t_number=43
아이메이크업,키스미,[특가/2개입] 키스미 히로인메이크 스무스 리퀴드 아이라이너 슈퍼 킵 더블기획(온라인단독),https://www.oliveyoung.co.kr/store/goods/getGoodsDetail.do?goodsNo=A000000203438&dispCatNo=100000100020007&t_page=카테고리관&t_click=아이메이크업_전체__상품상세&t_number=44
아이메이크업,키스미,[특가/워터프루프] 키스미 프라임 리퀴드 아이라이너 리치 킵 (단품/기획),https://www.oliveyoung.co.kr/store/goods/getGoodsDetail.do?goodsNo=A000000157239&dispCatNo=100000100020007&t_page=카테고리관&t_click=아이메이크업_전체__상품상세&t_number=45
아이메이크업,리스키,[NEW] 리스키 피그먼트 아이섀도우 팔레트 8Colors,https://www.oliveyoung.co.kr/store/goods/getGoodsDetail.do?goodsNo=A000000233305&dispCatNo=100000100020007&t_page=카테고리관&t_click=아이메이크업_전체__상품상세&t_number=46
아이메이크업,데이지크,[스틱섀도우 기획] 데이지크 섀도우팔레트 25 colors (단품/기획),https://www.oliveyoung.co.kr/store/goods/getGoodsDetail.do?goodsNo=A000000147801&dispCatNo=100000100020007&t_page=카테고리관&t_click=아이메이크업_전체__상품상세&t_number=47
아이메이크업,리필드,[몰티즈&리트리버 / 6월 올영픽] 리필드 사이토카인 아이래쉬 듀얼 앰플 10ml 기획 (+핸드미러),https://www.oliveyoung.co.kr/store/goods/getGoodsDetail.do?goodsNo=A000000227157&dispCatNo=100000100020007&t_page=카테고리관&t_click=아이메이크업_전체__상품상세&t_number=48
